instID,church_type,instName,language,instNote,placeName,region,county_orig,county_reg,city_orig,city_reg,state_orig,state_reg,latitude,longitude,attendingInstID,attendingChurch,attendingChurchFrequency,attendingChurchNote,persID,persTitle,persName,persSuffix,persRole,persNote,memberType,member,affiliated,year,diocese
﻿bal.md.0001,﻿cathedral,﻿Cathedral,English,"﻿Residence of the Most Rev. Archbishop, adjoining the Cathedral, No. 106 N. Charles Street",﻿corner of Cathedral and Mulberry streets,,,,﻿Baltimore,﻿Baltimore,﻿MD,,39.2940646,-76.6168075,,,,,﻿hen_b_coskery_001,﻿Very Rev.,﻿Henry B. Coskery,﻿D.D.,﻿V.G.,,,,,1867.0,Baltimore
﻿bal.md.0001,﻿cathedral,﻿Cathedral,English,"﻿Residence of the Most Rev. Archbishop, adjoining the Cathedral, No. 106 N. Charles Street",﻿corner of Cathedral and Mulberry streets,,,,﻿Baltimore,﻿Baltimore,﻿MD,,39.2940646,-76.6168075,,,,,﻿tho_foley_001,﻿Rev.,﻿Thomas Foley,﻿D.D.,﻿Chancellor,,,,,1867.0,Baltimore
﻿bal.md.0001,﻿cathedral,﻿Cathedral,English,"﻿Residence of the Most Rev. Archbishop, adjoining the Cathedral, No. 106 N. Charles Street",﻿corner of Cathedral and Mulberry streets,,,,﻿Baltimore,﻿Baltimore,﻿MD,,39.2940646,-76.6168075,,,,,﻿jam_gibbons_002,﻿Rev.,﻿James Gibbons,,﻿T.B.,,,,,1867.0,Baltimore
﻿bal.md.0002,﻿church,﻿St. Patrick's,English,,"﻿Fell's Point, corner of Broadway and Bank street",,,,﻿Baltimore,﻿Baltimore,﻿MD,,39.2875517,-76.5690796,,,,,﻿jam_dolan_001,﻿Rev.,﻿James Dolan,﻿P.P.,,,,,,1867.0,Baltimore
﻿bal.md.0003,﻿church,﻿St. Vincent de Paul's,English,,﻿Front near Fayette street,,,,﻿Baltimore,﻿Baltimore,﻿MD,,39.2942755,-76.5856129,,,,,﻿hen_meyers_001,﻿Rev.,﻿Henry Myers,﻿P.P.,,,,,,1867.0,Baltimore
﻿bal.md.0003,﻿church,﻿St. Vincent de Paul's,English,,﻿Front near Fayette street,,,,﻿Baltimore,﻿Baltimore,﻿MD,,39.2942755,-76.5856129,,,,,﻿tho_s_lee_001,﻿Rev.,﻿Thomas Lee,,,,,,,1867.0,Baltimore
﻿bal.md.0004,﻿church,﻿St. Peter's,English,,﻿corner of Poppleton and Hollins streets,,,,﻿Baltimore,﻿Baltimore,﻿MD,,39.2878336,-76.63208470000001,,,,,﻿edw_mccolgan_001,﻿Rev.,﻿Edward McColgan,﻿P.P.,,,,,,1867.0,Baltimore
﻿bal.md.0004,﻿church,﻿St. Peter's,English,,﻿corner of Poppleton and Hollins streets,,,,﻿Baltimore,﻿Baltimore,﻿MD,,39.2878336,-76.63208470000001,,,,,﻿joh_s_foley_001,﻿Rev.,﻿John S. Foley,﻿D.D.,,,,,,1867.0,Baltimore
﻿bal.md.0004,﻿church,﻿St. Peter's,English,,﻿corner of Poppleton and Hollins streets,,,,﻿Baltimore,﻿Baltimore,﻿MD,,39.2878336,-76.63208470000001,,,,,﻿joh_m_jones_001,﻿Rev.,﻿John M. Jones,,,,,,,1867.0,Baltimore
﻿bal.md.0005,﻿church,﻿St. John's,English,,﻿Eager and Valley streets,,,,﻿Baltimore,﻿Baltimore,﻿MD,,39.3030924,-76.6049941,,,,,﻿ber_j_mcmanus_001,﻿Rev.,﻿Bernard J. McManus,﻿P.P.,,,,,,1867.0,Baltimore
﻿bal.md.0005,﻿church,﻿St. John's,English,,﻿Eager and Valley streets,,,,﻿Baltimore,﻿Baltimore,﻿MD,,39.3030924,-76.6049941,,,,,﻿law_malloy_001,﻿Rev.,﻿Lawrence Malloy,,,,,,,1867.0,Baltimore
﻿bal.md.0006,﻿church,﻿St. Ignatius,English,,﻿corner of Calvert and Madison streets,,,,﻿Baltimore,﻿Baltimore,﻿MD,,39.298695,-76.6129645,,,,,﻿joh_early_001,﻿Rev.,﻿John Early,﻿S.J.,,,,,﻿and other priests of Loyola College,1867.0,Baltimore
﻿bal.md.0007,﻿church,﻿St. Joseph's,English,,﻿corner of Barre and Howard streets,,,,﻿Baltimore,﻿Baltimore,﻿MD,,39.3061204,-76.6209277,,,,,﻿joh_dougherty_001,﻿Rev.,﻿John Dougherty,﻿P.P.,,,,,,1867.0,Baltimore
﻿bal.md.0007,﻿church,﻿St. Joseph's,English,,﻿corner of Barre and Howard streets,,,,﻿Baltimore,﻿Baltimore,﻿MD,,39.3061204,-76.6209277,,,,,﻿jam_mcdevitt_001,﻿Rev.,﻿James McDevitt,,,,,,,1867.0,Baltimore
﻿bal.md.0009,﻿church,﻿Immaculate Conception,English,,﻿corner of Mosher and Division streets,,,,﻿Baltimore,﻿Baltimore,﻿MD,,39.3027706,-76.6315821,,,,,﻿jos_j_giustiniani_001,﻿Rev.,﻿Joseph J. Giustiniani,﻿C.M.,,,,,,1867.0,Baltimore
﻿bal.md.0009,﻿church,﻿Immaculate Conception,English,,﻿corner of Mosher and Division streets,,,,﻿Baltimore,﻿Baltimore,﻿MD,,39.3027706,-76.6315821,,,,,﻿r_maloney_001,﻿Rev.,﻿R. Maloney,﻿C.M.,,,,,,1867.0,Baltimore
﻿bal.md.0009,﻿church,﻿Immaculate Conception,English,,﻿corner of Mosher and Division streets,,,,﻿Baltimore,﻿Baltimore,﻿MD,,39.3027706,-76.6315821,,,,,﻿joh_monaghan_001,﻿Rev.,﻿John Monaghan,﻿C.M.,,,,,,1867.0,Baltimore
﻿bal.md.0010,﻿church,﻿St. Alphonsus',﻿German,,﻿corner of Saratoga and Park streets,,,,﻿Baltimore,﻿Baltimore,﻿MD,,39.2903848,-76.6121893,,,,,﻿m_muller_002,﻿Rev.,﻿Michael Mueller,﻿C.SS.R.,﻿Rector,,,,,1867.0,Baltimore
﻿bal.md.0011,﻿church,﻿St. Michael's,English,,﻿corner of Lombard and Wolff streets,,,,﻿Baltimore,﻿Baltimore,﻿MD,,39.2903848,-76.6121893,,,,,﻿wm_luhrmann_001,﻿Rev.,﻿Wm. Luhrmann,﻿C.SS.R.,﻿Rector,,,,,1867.0,Baltimore
﻿bal.md.0012,﻿church,﻿St. James',﻿German,,﻿Aisquith and Eager streets,,,,﻿Baltimore,﻿Baltimore,﻿MD,,39.3015794,-76.6020412,﻿bal.md.0011,﻿Attended from St. Michael's,,,,,,,,,,,,1867.0,Baltimore
﻿bal.md.0013,﻿church,﻿Church of the Holy Cross,﻿German,,"﻿West and Light streets, Federal Hill",,,,﻿Baltimore,﻿Baltimore,﻿MD,,39.2785869,-76.61259609999999,﻿bal.md.0010,﻿Attended from St. Alphonsus',,,,,,,,,,,,1867.0,Baltimore
﻿bal.md.0014,﻿church,﻿St. Bridget's,English,,﻿Canton,,,,﻿Baltimore,﻿Baltimore,﻿MD,,39.2832501,-76.5756188,,,,,﻿joh_gaitley_001,﻿Rev.,﻿John Gaitley,﻿P.P.,,,,,,1867.0,Baltimore
﻿bal.md.0015,﻿church,﻿St. Lawrence's,English,,"﻿Fort Avenue, Locust Point",,,,﻿Baltimore,﻿Baltimore,﻿MD,,39.2692241,-76.59438829999999,,,,,﻿pet_mccoy_001,﻿Rev.,﻿Peter McCoy,,,,,,,1867.0,Baltimore
﻿bal.md.0016,﻿church,﻿St. Mary's Chapel,English,,﻿Pennsylvania Avenue,,,,﻿Baltimore,﻿Baltimore,﻿MD,,39.3038245,-76.63499959999999,,,,,﻿ale_j_elder_001,﻿Rev.,﻿Alexius J. Elder,,,,,,,1867.0,Baltimore
﻿bal.md.0017,﻿church,﻿Carmelite Chapel,English,,﻿Aisquith street,,,,﻿Baltimore,﻿Baltimore,﻿MD,,39.305332799999995,-76.602235,,,,,﻿tho_s_lee_001,﻿Rev.,﻿Thomas Lee,,,,,,,1867.0,Baltimore
﻿bal.md.0018,﻿church,﻿Chapel of Visitation Convent,English,,﻿corner of Park and Centre streets,,,,﻿Baltimore,﻿Baltimore,﻿MD,,39.2221472,-76.7050053,﻿bal.md.0010,﻿Attended from St. Alphonsus',,,,,,,,,,,,1867.0,Baltimore
﻿bal.md.0020,﻿church,﻿Mount Hope Chapel,English,,,,,,﻿Baltimore,﻿Baltimore,﻿MD,,39.2903848,-76.6121893,﻿bal.md.0009,﻿Attended from Immaculate Conception,,,,,,,,,,,,1867.0,Baltimore
﻿bal.md.0021,﻿church,﻿St. Francis' Chapel,English,,﻿Richmond street,,,,﻿Baltimore,﻿Baltimore,﻿MD,,39.393652,-76.53492609999999,﻿bal.md.0006,﻿Attended from St. Ignatius',,,,,,,,,,,﻿colored Sisters of Providence,1867.0,Baltimore
﻿bal.md.0022,﻿church,﻿St. Agnes' Chapel,English,,﻿St. Agnes' Hospital,,,,﻿Baltimore,﻿Baltimore,﻿MD,,39.2717008,-76.6735285,,,,,﻿joh_f_hickey_001,﻿Rev.,﻿John F. Hickey,,﻿Chaplain,,,,,1867.0,Baltimore
﻿bal.md.0023,﻿church,﻿St. Francis Xavier,English,﻿for the exclusive use of colored people,﻿corner of Calvert and Pleasant streets,,,,﻿Baltimore,﻿Baltimore,﻿MD,,39.2936273,-76.61262090000001,,,,,﻿pet_miller_001,﻿Rev.,﻿Peter Miller,﻿S.J.,,,,,﻿and other Fathers of Loyola College,1867.0,Baltimore
﻿bal.md.0008,﻿church,﻿St. Martin's,English,﻿nearly completed,﻿corner of Fulton and Fayette streets,,,,﻿Baltimore,﻿Baltimore,﻿MD,,39.2942755,-76.5856129,,,,,﻿joh_s_foley_001,﻿Rev.,﻿John S. Foley,﻿D.D.,﻿Pastor,,,,,1867.0,Baltimore
﻿bal.md.0025,﻿church,﻿St. Patrick's,English,,,,﻿Alleghany  County,,﻿Cumberland,﻿Cumberland,﻿MD,,39.652865399999996,-78.7625185,,,,,﻿edw_brennan_001,﻿Rev.,﻿Edward Brennan,﻿P.P.,,,,,,1867.0,Baltimore
﻿bal.md.0025,﻿church,﻿St. Patrick's,English,,,,﻿Alleghany  County,,﻿Cumberland,﻿Cumberland,﻿MD,,39.652865399999996,-78.7625185,,,,,﻿jos_barry_001,﻿Rev.,﻿Joseph Barry,,,,,,,1867.0,Baltimore
﻿bal.md.0026,﻿church,﻿Sts. Peter and Paul,English,﻿German,,,﻿Alleghany County,,﻿Cumberland,﻿Cumberland,﻿MD,,39.652865399999996,-78.7625185,,,,,,,,,,,,,﻿The Carmelite Fathers,1867.0,Baltimore
﻿bal.md.0027,﻿church,not recorded,English,,,,﻿Alleghany County,,﻿Barton,﻿Barton,﻿MD,,39.5306463,-79.0175279,﻿bal.md.0031,﻿Attended by Rev. R. Browne,﻿4th Sunday,,,,,,,,,,,1867.0,Baltimore
﻿bal.md.0027,﻿church,﻿St. Mary's,English,,,,﻿Alleghany County,,﻿Bloomington,﻿Barton,﻿MD,,39.5306463,-79.0175279,﻿bal.md.0031,﻿Attended by Rev. R. Browne,﻿2d Sunday,,,,,,,,,,,1867.0,Baltimore
﻿bal.md.0028,﻿church,"﻿Blooming Rose, Mountain Church",English,,,,﻿Alleghany County,,,,﻿MD,,39.6255251,-78.61149990000001,,,﻿once in three months,,,,,,,,,,,1867.0,Baltimore
﻿bal.md.0029,﻿church,﻿St. Michael's,English,,,,﻿Alleghany  County,,﻿Frostburg,﻿Frostburgh,﻿MD,,39.6581424,-78.92835699999999,,,,,﻿la_morgan_001,﻿Rev.,﻿L. Morgan,,,"﻿1st, 3d, and 4th Sundays",,,,1867.0,Baltimore
﻿bal.md.0030,﻿church,not recorded,English,﻿church building,,,﻿Alleghany  County,,﻿Lonaconing,﻿Lonaconing,﻿MD,,39.565922799999996,-78.980304,﻿bal.md.0029,﻿Attended from Frostburg,"﻿on the 2d and 5th Sundays, and holydays of obligation",,,,,,,,,,,1867.0,Baltimore
﻿bal.md.0031,﻿church,﻿St. Patrick's,English,,,,﻿Alleghany  County,,﻿Mount Savage,﻿Mount Savage,﻿MD,,39.6956417,-78.8797442,,,,,﻿ric_browne_002,﻿Rev.,﻿Richard Browne,,,,,,,1867.0,Baltimore
﻿bal.md.0032,﻿church,﻿St. Peter's,English,,,,﻿Alleghany  County,﻿Garrett County,﻿Oakland,﻿Oakland,﻿MD,,39.662910700000005,-78.7486108,﻿bal.md.0025,﻿Attended from Cumberland by the Carmelites,﻿once a month,,,,,,,,,,,1867.0,Baltimore
﻿bal.md.0033,﻿church,﻿St. James',English,,,,﻿Alleghany  County,,﻿Cross Roads,,﻿MD,,39.6751691,-78.73310140000001,,,"﻿Once in three months, on Sunday, and sometimes on week-days",,,,,,,,,,,1867.0,Baltimore
﻿bal.md.0034,﻿church,not recorded,English,,,,﻿Alleghany  County,,﻿Fifteen Mile Creek,,﻿MD,,39.62525120000001,-78.3854781,﻿bal.md.0025,﻿Attended by the Carmelites of Cumberland,,,,,,,,,,,,1867.0,Baltimore
﻿bal.md.0035,﻿church,﻿St. Peter's,English,,,,﻿Alleghany  County,,﻿Westernport,﻿Westernport,﻿MD,,39.4853703,-79.0447516,﻿bal.md.0025,﻿Attended by the Carmelites,﻿twice a month,,,,,,,,,,,1867.0,Baltimore
﻿bal.md.0036,﻿church,﻿St. Mary's,English,,,,﻿Anne Arundel  County,,﻿Annapolis,﻿Annapolis,﻿MD,,38.9784453,-76.4921829,,,,,﻿leo_petsch_001,﻿Very Rev.,﻿Leopold Petsch,﻿C.SS.R.,﻿Rector,,,,,1867.0,Baltimore
﻿bal.md.0037,﻿church,﻿St. Lawrence,English,,﻿near Jessup's Cut,,﻿Anne Arundel  County,,,,﻿MD,,39.149274600000005,-76.7752493,﻿bal.md.0086,﻿Attended from Elkridge Landing,,,,,,,,,,,,1867.0,Baltimore
﻿bal.md.0038,﻿church,not recorded,English,,,,﻿Anne Arundel  County,,﻿West River,﻿West River,﻿MD,,38.8512688,-76.5962936,﻿bal.md.0134,﻿Attended from Annapolis,,,,,,,,,,,,1867.0,Baltimore
﻿bal.md.0039,﻿church,﻿St. Joseph's,English,,"﻿Belair Road, eight miles from the city",,﻿Baltimore County,,,,﻿MD,,39.4086076,-76.4687113,﻿bal.md.0010,﻿Attended from St. Alphonsus',﻿2d Sunday,,,,,,,,,,,1867.0,Baltimore
﻿bal.md.0041,﻿church,﻿St. Agnes',English,,,,﻿Baltimore County,,﻿Catonsville,﻿Catonsville,﻿MD,,39.272050899999996,-76.73191609999999,,,,,﻿charles_001,﻿Rev. Father,﻿Charles,,,﻿Passionist,,,,1867.0,Baltimore
﻿bal.md.0041,﻿church,﻿St. Agnes',English,,,,﻿Baltimore County,,﻿Catonsville,﻿Catonsville,﻿MD,,39.272050899999996,-76.73191609999999,,,,,﻿albino_001,﻿Rev. Father,﻿Albino,,,﻿Passionist,,,,1867.0,Baltimore
﻿bal.md.0042,﻿church,﻿Convent of Mount de Sales,English,,,,﻿Baltimore County,,﻿Catonsville,﻿Catonsville,﻿MD,,39.272050899999996,-76.73191609999999,,,,,﻿wm_d_parsons_001,﻿Rev.,﻿Wm. D. Parsons,,﻿Chaplain,,,,,1867.0,Baltimore
﻿bal.md.0043,﻿church,﻿St. Mary's,English,,,,﻿Baltimore County,,﻿Govanstown,﻿Govans,﻿MD,,39.3639956,-76.6096902,,,,,﻿dwi_e_lyman_001,﻿Rev.,﻿Dwight E. Lyman,,,,,,,1867.0,Baltimore
﻿bal.md.0047,﻿church,﻿St. Stephen's,English,,"﻿near Gunpowder Falls, Little Gunpowder P.O.",,﻿Baltimore County,,,,﻿MD,,39.441238,-76.39050379999999,,,,,﻿jos_s_birch_001,﻿Rev.,﻿Joseph S. Birch,,,,,,,1867.0,Baltimore
﻿bal.md.0048,﻿church,﻿St. John Ev.,English,,﻿Greenwood P.O.,,﻿Baltimore County,,﻿Long Green,﻿Long Green,﻿MD,,39.4728845,-76.5230214,,,,,﻿gir_h_nyssen_001,﻿Rev.,﻿Gerard Henry Nyssen,,,,,,,1867.0,Baltimore
﻿bal.md.0049,﻿church,﻿Mount Hope Retreat,English,,﻿six miles from the city,,﻿Baltimore County,,,,﻿MD,,39.464766499999996,-76.7336521,,,,,﻿joh_monaghan_001,﻿Rev.,﻿J. Monaghan,﻿C.M.,,,,,,1867.0,Baltimore
﻿bal.md.0050,﻿church,not recorded,English,,,,﻿Baltimore County,,﻿Monkton,﻿Monkton,﻿MD,,39.5781625,-76.61450579999999,﻿bal.md.0052,﻿Attended from Texas,,,,,,,,,,,,1867.0,Baltimore
﻿bal.md.0051,﻿church,﻿St. Charles Borromeo's,English,,,,﻿Baltimore County,,﻿Pikesville,﻿Pikesville,﻿MD,,39.3742729,-76.72247270000001,,,,,﻿eqs_waldron_001,﻿Rev.,﻿E.Q.S. Waldron,,,,,,,1867.0,Baltimore
﻿bal.md.0052,﻿church,﻿St. Joseph's,English,,,,﻿Baltimore County,,﻿Texas,﻿Texas,﻿MD,,39.463717200000005,-76.6435817,,,,,﻿mic_oreilly_002,﻿Rev.,﻿Michael O'Reilly,,,,,,,1867.0,Baltimore
﻿bal.md.0056,﻿church,﻿St. Joseph's,English,,,,﻿Carroll County,,﻿Taneytown,﻿Taneytown,﻿MD,,39.657877299999996,-77.17442790000001,,,,,﻿joh_gloyd_001,﻿Rev.,﻿John Gloyd,,,﻿1st and 3rd Sundays,,,,1867.0,Baltimore
﻿bal.md.0057,﻿church,﻿St. John's,English,,,,﻿Carroll County,,﻿Westminster,﻿Westminster,﻿MD,,39.5753791,-76.99581490000001,﻿bal.md.0056,﻿Attended from Taneytown,﻿2d and 4th Sundays,,,,,,,,,,,1867.0,Baltimore
﻿bal.md.0058,﻿church,﻿St. Thomas',English,,,,﻿Carroll County,,﻿New-Windsor,﻿New Windsor,﻿MD,,39.5420455,-77.10803759999999,﻿bal.md.0056,﻿Attended from Taneytown,﻿5th Sunday,,,,,,,,,,,1867.0,Baltimore
﻿bal.md.0059,﻿church,﻿St. Bartholomew's,English,,,,﻿Carroll County,,﻿Manchester,﻿Manchester,﻿MD,,39.661213399999994,-76.8849782,﻿bal.md.0010,"﻿Attended from St. Alphonsus', Baltimore",﻿3d Sunday,,,,,,,,,,,1867.0,Baltimore
﻿bal.md.0059,﻿church,﻿St. Bartholomew's,English,,,,﻿Carroll County,,﻿Uniontown,﻿Manchester,﻿MD,,39.661213399999994,-76.8849782,﻿bal.md.0056,﻿Visited from Taneytown,﻿occasionally,,,,,,,,,,,1867.0,Baltimore
﻿bal.md.0059,﻿church,﻿St. Bartholomew's,English,,,,﻿Carroll County,,﻿Finksburgh,﻿Manchester,﻿MD,,39.661213399999994,-76.8849782,﻿bal.md.0057,﻿Visited from Taneytown,﻿occasionally,,,,,,,,,,,1867.0,Baltimore
﻿bal.md.0059,﻿church,﻿St. Bartholomew's,English,,,,﻿Carroll County,,﻿Hampstead,﻿Manchester,﻿MD,,39.661213399999994,-76.8849782,﻿bal.md.0058,﻿Visited from Taneytown,﻿occasionally,,,,,,,,,,,1867.0,Baltimore
﻿bal.md.0061,﻿church,not recorded,English,﻿church building,,,﻿Carroll County,,﻿Sykesville,﻿Sykesville,﻿MD,,39.373714899999996,-76.9677566,﻿bal.md.0083,﻿Attended from Ellicott's Mills,,,,,,,,,,,,1867.0,Baltimore
﻿wil.de.0022,﻿church,﻿St. Elizabeth's,English,,,,﻿Caroline County,,﻿Denton,﻿Denton,﻿MD,,38.8852883,-75.834971,,"﻿Attended from St. Joseph's, near Wye Mills",,,,,,,,,,,,1867.0,Baltimore
﻿wil.de.0012,﻿church,﻿St. Francis Xavier,English,,,,﻿Cecil County,,﻿Bohemia,﻿Chesapeake City,﻿MD,,39.530946,-75.80743670000001,,,,,﻿geo_villiger_002,﻿Rev.,﻿George Villiger,﻿S.J.,,﻿2d and 4th Sundays,,,,1867.0,Baltimore
﻿wil.de.0013,﻿church,﻿St. Patrick's,English,,,,﻿Cecil County,,﻿Conowingo,﻿Conowingo,﻿MD,,39.67792670000001,-76.1590765,﻿bal.md.0080,﻿Attended from Havre de Grace,,,,,,,,,,,,1867.0,Baltimore
﻿wil.de.0014,﻿church,﻿Immaculate Conception,English,,,,﻿Cecil County,,﻿Elkton,﻿Elkton,﻿MD,,39.6148047,-75.8314811,﻿bal.md.0080,﻿Attended from Havre de Grace,﻿3d and 5th Sundays,,,,,,,,,,,1867.0,Baltimore
﻿wil.de.0015,﻿church,not recorded,English,,,,﻿Cecil County,,﻿Port Deposit,﻿Port Deposit,﻿MD,,39.609619099999996,-76.1203574,﻿bal.md.0080,﻿Attended from Havre de Grace,,,,,,,,,,,,1867.0,Baltimore
﻿bal.md.0062,﻿church,﻿St. Peter's,English,,,,﻿Charles  County,,﻿Beantown,﻿Waldorf,﻿MD,,38.6265124,-76.9105483,,,,,﻿p_lenaghan_001,﻿Rev.,﻿P. Lenaghan,,,﻿1st and 3d Sundays,,,,1867.0,Baltimore
﻿bal.md.0063,﻿church,﻿St. Mary's,English,,,,﻿Charles County,,﻿Bryantown,﻿Bryantown,﻿MD,,38.555528499999994,-76.8421578,,,,,﻿wil_jordan_001,﻿Rev.,﻿William Jordan,,,,,,,1867.0,Baltimore
﻿bal.md.0064,﻿church,﻿St. Mary's,English,,,,﻿Charles County,,﻿Cob Neck,,﻿MD,,38.3406824,-76.91802659999999,﻿bal.md.0058,"﻿Attended from St. Thomas', by Rev. Francis McAtee, S.J.",﻿4th Sunday,,,,,,,,,,,1867.0,Baltimore
﻿bal.md.0065,﻿church,not recorded,English,,,,﻿Charles County,,﻿Cornwallis Neck,,﻿MD,,38.5728971,-77.202758,﻿bal.md.0058,﻿Attended from St. Thomas',﻿5th Sunday and holidays of obligation,,,,,,,,,,,1867.0,Baltimore
﻿bal.md.0066,﻿church,﻿St. Ignatius',English,,,,﻿Charles County,,﻿Hill Top,﻿Hill Top,﻿MD,,38.488490999999996,-77.121323,﻿bal.md.0058,﻿Attended from St. Thomas',﻿5th Sunday and holidays,,,,,,,,,,,1867.0,Baltimore
﻿bal.md.0067,﻿church,﻿St. Mary's,English,,,,﻿Charles County,,﻿Newport,﻿Newport,﻿MD,,38.420158,-76.904915,﻿bal.md.0058,﻿Attended from St. Thomas',﻿2d and 4th Sundays,,,,,,,,,,,1867.0,Baltimore
﻿bal.md.0068,﻿church,﻿St. Joseph's,English,,,,﻿Charles County,,﻿Pomfret,﻿Pomfret,﻿MD,,38.573581700000005,-77.0306325,﻿bal.md.0058,﻿Attended from St. Thomas',﻿1st and 3d Sundays,,,,,,,,,,,1867.0,Baltimore
﻿bal.md.0069,﻿church,﻿St. Thomas',English,,,,﻿Charles County,,﻿St. Thomas' Manor,,﻿MD,,38.4654968,-77.0236518,,,,,﻿cam_vicinanza_001,﻿Rev.,﻿Camillus Vicinanza,﻿S.J.,,,,,,1867.0,Baltimore
﻿bal.md.0069,﻿church,﻿St. Thomas',English,,,,﻿Charles County,,﻿St. Thomas' Manor,,﻿MD,,38.4654968,-77.0236518,,,,,﻿fra_mcatee_001,﻿Rev.,﻿F. McAtee,﻿S.J.,,,,,,1867.0,Baltimore
﻿wil.de.0024,﻿church,﻿St. Mary's,English,,,,﻿Dorchester County,,,,﻿MD,,38.3915114,-76.2671674,,"﻿Attended from St. Joseph's, near Wye Mills, Frederick County",,﻿Frederick County must be a mistake; went with Wye Mills in Talbot County with matching priest name,,,,,,,,,,1867.0,Baltimore
﻿bal.md.0070,﻿church,﻿St. John's,English,,,,﻿Frederick County,,﻿Frederick City,﻿Frederick,﻿MD,,39.414268799999995,-77.41054090000002,,,,,﻿edw_j_sourin_001,﻿Rev.,﻿Edw. J. Sourin,﻿S.J.,,,,,,1867.0,Baltimore
﻿bal.md.0070,﻿church,﻿St. John's,English,,,,﻿Frederick County,,﻿Frederick City,﻿Frederick,﻿MD,,39.414268799999995,-77.41054090000002,,,,,﻿tho_mcdonogh_001,﻿Rev.,﻿Thomas McDonogh,﻿S.J.,,,,,,1867.0,Baltimore
﻿bal.md.0070,﻿church,﻿St. John's,English,,,,﻿Frederick County,,﻿Frederick City,﻿Frederick,﻿MD,,39.414268799999995,-77.41054090000002,,,,,﻿joh_gaffney_001,﻿Rev.,﻿John Gaffney,﻿S.J.,,,,,,1867.0,Baltimore
﻿bal.md.0071,﻿church,﻿Visitation Convent,English,,,,﻿Frederick County,,﻿Frederick City,﻿Frederick,﻿MD,,39.414268799999995,-77.41054090000002,﻿bal.md.0070,﻿Attended from St. John's,,,,,,,,,,,,1867.0,Baltimore
﻿bal.md.0072,﻿church,﻿St. Joseph's,English,,,,﻿Frederick County,,﻿Carrollton Manor,﻿Severna Park,﻿MD,,39.3308576,-77.46467249999999,﻿bal.md.0070,"﻿Attended from Frederick by Rev. John Gaffney, S.J.",﻿2d Sunday,,,,,,,,,,,1867.0,Baltimore
﻿bal.md.0073,﻿church,﻿St. Joseph's,English,,,,﻿Frederick County,,﻿Emmittsburgh,﻿Emmittsburg,﻿MD,,39.7045417,-77.3269307,,,,,﻿fra_burlando_001,﻿Very Rev.,﻿Francis Burlando,﻿C.M.,"﻿Superior of the Sisters of Charity, U.S.",,,,,1867.0,Baltimore
﻿bal.md.0073,﻿church,﻿St. Joseph's,English,,,,﻿Frederick County,,﻿Emmittsburgh,﻿Emmittsburg,﻿MD,,39.7045417,-77.3269307,,,,,﻿ah_gandolfo_001,﻿Rev.,﻿A.H. Gandolfo,﻿C.M.,﻿Chaplain of St. Joseph's House,,,,,1867.0,Baltimore
﻿bal.md.0073,﻿church,﻿St. Joseph's,English,,,,﻿Frederick County,,﻿Emmittsburgh,﻿Emmittsburg,﻿MD,,39.7045417,-77.3269307,,,,,﻿joh_dwyer_001,﻿Rev.,﻿John Dwyer,﻿C.M.,﻿Pastor,,,,,1867.0,Baltimore
﻿bal.md.0074,﻿church,﻿Mount St. Mary's,English,,,,﻿Frederick County,,﻿Emmittsburgh,﻿Emmittsburg,﻿MD,,39.7045417,-77.3269307,,,,,﻿joh_mccaffrey_001,﻿Rev.,﻿John McCaffrey,﻿D.D.,,,,,,1867.0,Baltimore
﻿bal.md.0075,﻿church,﻿St. Peter's,English,,,,﻿Frederick County,,﻿Liberty,﻿Libertytown,﻿MD,,39.3844507,-77.4701972,﻿bal.md.0070,"﻿Attended from Frederick, by Rev. John Gaffney, S.J.",﻿4th Sunday,,,,,,,,,,,1867.0,Baltimore
﻿bal.md.0076,﻿church,﻿St. Mary's,English,,,,﻿Frederick County,,﻿Petersville,﻿Petersville,﻿MD,,39.3464902,-77.610823,﻿bal.md.0070,﻿from Frederick,﻿1st Sunday,,,,,,,,,,,1867.0,Baltimore
﻿bal.md.0077,﻿church,not recorded,English,,,,﻿Frederick County,,﻿Mechanicstown,,﻿MD,,39.6682664,-77.3471831,﻿bal.md.0157,﻿Attended from Mt. St. Mary's College,,,,,,,,,,,,1867.0,Baltimore
﻿bal.md.0079,﻿church,﻿St. Ignatius',English,,﻿Hickory P.O.,,﻿Harford County,,﻿Hickory,﻿Hickory,﻿MD,,39.5838964,-76.36372850000001,,,,,﻿pat_f_oconnor_001,﻿Rev.,﻿Patrick F. O'Connor,,,"﻿1st, 2d, and 4th Sundays",,,,1867.0,Baltimore
﻿bal.md.0080,﻿church,﻿St. Patrick's,English,,,,﻿Harford County,,﻿Havre de Grace,﻿Havre de Grace,﻿MD,,39.5492792,-76.091617,,,,,﻿hen_reardon_001,﻿Rev.,﻿Henry Reardon,,,﻿2d Sunday,,,,1867.0,Baltimore
﻿bal.md.0081,﻿church,﻿St. Mary's,English,,,,﻿Harford County,,﻿Deer Creek,,﻿MD,,39.4692589,-76.2971145,﻿bal.md.0079,﻿Attended from Hickory,﻿3rd and 5th Sundays,,,,,,,,,,,1867.0,Baltimore
﻿bal.md.0082,﻿church,not recorded,English,﻿church building,,,﻿Harford County,,﻿Abingdon,﻿Abingdon,﻿MD,,39.4622357,-76.2772223,﻿bal.md.0079,﻿Attended from Hickory,,,,,,,,,,,,1867.0,Baltimore
﻿bal.md.0083,﻿church,﻿St. Paul's,English,,,,﻿Howard County,,﻿Ellicott's Mills,﻿Ellicott City,﻿MD,,39.2673283,-76.7983067,,,,,﻿tho_oneill_001,﻿Rev.,﻿Thomas O'Neill,,,,,,,1867.0,Baltimore
﻿bal.md.0084,﻿church,﻿St. Louis',English,,,,﻿Howard County,,﻿Clarksville,﻿Clarksville,﻿MD,,39.20619620000001,-76.9455664,,"﻿Attended by Rev. Hugh F. Griffin, of St. Charles' College",﻿On the last Sunday of the month,,,,,,,,,,,1867.0,Baltimore
﻿bal.md.0085,﻿church,﻿St. Mary's,English,,,,﻿Howard County,,﻿Doughoregan Manor,,﻿MD,,39.287346299999996,-76.96430600000001,,"﻿Attended by Rev. Hugh F. Griffin, of St. Charles' College",,,,,,,,,,,,1867.0,Baltimore
﻿bal.md.0086,﻿church,﻿St. Augustine's,English,,,,﻿Howard County,,﻿Elkridge Landing,﻿Elkridge,﻿MD,,39.212318599999996,-76.7292896,,,,,﻿des_de-wulf_001,﻿Rev.,﻿Desiderius De Wulf,,,,,,,1867.0,Baltimore
﻿bal.md.0086,﻿chapel,﻿Carrollton Hall Chapel,English,,,,﻿Howard County,,﻿Elkridge Landing,﻿Elkridge,﻿MD,,39.212318599999996,-76.7292896,,"﻿Attended by Rev. Bertrand S. Piot, of St. Charles'",,,,,,,,,,,,1867.0,Baltimore
﻿wil.de.0019,﻿church,﻿St. Denis',English,,,,﻿Kent County,,﻿Georgetown Cross Roads,﻿Galena,﻿MD,,39.346150200000004,-75.8792727,﻿wil.de.0012,﻿Attended from Bohemia,﻿1st and 3d Sundays,,,,,,,,,,,1867.0,Baltimore
﻿wil.de.0021,﻿church,not recorded,English,,﻿at Thomas Dixon's,,﻿Kent County,,﻿Chestertown,﻿Chestertown,﻿MD,,39.2121948,-76.0762451,﻿wil.de.0012,﻿Attended from Bohemia,,,,,,,,,,,,1867.0,Baltimore
﻿wil.de.0020,﻿church,not recorded,English,,﻿at B. Wilson's,,﻿Kent County,,﻿Eastern Neck,﻿Eastern Neck Island,﻿MD,,39.0303894,-76.2277309,﻿wil.de.0012,﻿Attended from Bohemia,,,,,,,,,,,,1867.0,Baltimore
﻿bal.md.0088,﻿church,﻿St. Mary's,English,,,,﻿Montgomery County,,﻿Rockville,﻿Rockville,﻿MD,,39.0839973,-77.1527578,,,,,﻿pla_l_chapelle_001,﻿Rev.,﻿Placidus L. Chapelle,,,﻿1st Sunday,,,,1867.0,Baltimore
﻿bal.md.0088,﻿church,﻿St. Mary's,English,,,,﻿Montgomery County,,﻿Rockville,﻿Rockville,﻿MD,,39.0839973,-77.1527578,,,,,﻿hen_spruyt_001,﻿Rev.,﻿Henry Spruyt,,,,,,,1867.0,Baltimore
﻿bal.md.0089,﻿church,﻿St. John's,English,,,,﻿Montgomery County,,﻿Rock Creek,,﻿MD,,39.0839973,-77.1527578,,,,,﻿pla_l_chapelle_001,﻿Rev.,﻿Placidus L. Chapelle,,,﻿2d Sunday,,,,1867.0,Baltimore
﻿bal.md.0090,﻿church,﻿St. Rose's,English,,,,﻿Montgomery County,,﻿Seneca,﻿Seneca,﻿MD,,39.078610999999995,-77.339444,,,,,﻿pla_l_chapelle_001,﻿Rev.,﻿Placidus L. Chapelle,,,﻿3d Sunday,,,,1867.0,Baltimore
﻿bal.md.0091,﻿church,﻿St. Mary's,English,,,,﻿Montgomery County,,﻿Barnesville,﻿Barnesville,﻿MD,,39.2206601,-77.37748570000001,,,,,﻿pla_l_chapelle_001,﻿Rev.,﻿Placidus L. Chapelle,,,﻿4th Sunday,,,,1867.0,Baltimore
﻿bal.md.0092,﻿church,﻿St. Peter's,English,,,,﻿Montgomery County,,﻿Hollin's River,,﻿MD,,39.21059521,-77.0765712,,,,,﻿pla_l_chapelle_001,﻿Rev.,﻿Placidus L. Chapelle,,,﻿5th Sunday,,,,1867.0,Baltimore
﻿bal.md.0092,﻿church,﻿St. Peter's,English,,,,﻿Queen Ann's County,,﻿Queenstown,,﻿MD,,39.21059521,-77.0765712,,"﻿Attended by Rev. M. Sanders, of Wye Mills",,,,,,,,,,,,1867.0,Baltimore
﻿bal.md.0092,﻿church,﻿St. Peter's,English,,,,﻿Queen Ann's County,,﻿Kent Island,,﻿MD,,39.21059521,-77.0765712,,﻿Attended from Annapolis,,,,,,,,,,,,1867.0,Baltimore
﻿bal.md.0093,﻿church,﻿St. Inigoe's,English,,,,﻿St. Mary's County,,,,﻿MD,,38.4421648,-76.7439767,,,,,﻿b_pacciarini_001,﻿Rev.,﻿B. Pacciarini,﻿S.J.,,,,,,1867.0,Baltimore
﻿bal.md.0093,﻿church,﻿St. Inigoe's,English,,,,﻿St. Mary's County,,,,﻿MD,,38.4421648,-76.7439767,,,,,﻿jb_meurer_001,﻿Rev.,﻿J.B. Meurer,﻿S.J.,,,,,,1867.0,Baltimore
﻿bal.md.0093,﻿church,﻿St. Inigoe's,English,,,,﻿St. Mary's County,,,,﻿MD,,38.4421648,-76.7439767,,,,,﻿tho_finnegan_001,﻿Rev.,﻿Thomas Finnegan,﻿S.J.,,,,,,1867.0,Baltimore
﻿bal.md.0094,﻿church,﻿St. Nicholas',English,,,,﻿St. Mary's County,,,,﻿MD,,38.4421648,-76.7439767,﻿bal.md.0093,﻿Attended from St. Inigoe's,,,,,,,,,,,,1867.0,Baltimore
﻿bal.md.0095,﻿church,﻿St. George's,English,,,,﻿St. Mary's County,,,,﻿MD,,38.4421648,-76.7439767,﻿bal.md.0093,﻿Attended from St. Inigoe's,,,,,,,,,,,,1867.0,Baltimore
﻿bal.md.0096,﻿church,not recorded,English,,,,﻿St. Mary's County,,﻿Point Lookout,,﻿MD,,38.059221799999996,-76.3370293,﻿bal.md.0093,﻿Attended from St. Inigoe's,,,,,,,,,,,,1867.0,Baltimore
﻿bal.md.0098,﻿church,﻿St. Francis Xavier's,English,,,,﻿St. Mary's County,,﻿Newtown,,﻿MD,,38.4421648,-76.7439767,,,,,﻿jos_enders_001,﻿Rev.,﻿Jos. Enders,﻿S.J.,,﻿Every other Sunday,,,,1867.0,Baltimore
﻿bal.md.0098,﻿church,﻿St. Francis Xavier's,English,,,,﻿St. Mary's County,,﻿Newtown,,﻿MD,,38.4421648,-76.7439767,,,,,﻿jam_mcguigan_002,﻿Rev.,﻿James McGuigan,﻿S.J.,,,,,,1867.0,Baltimore
﻿bal.md.0098,﻿church,﻿St. Francis Xavier's,English,,,,﻿St. Mary's County,,﻿Newtown,,﻿MD,,38.4421648,-76.7439767,,,,,﻿jb_de-wolf_001,﻿Rev.,﻿J.B. De Wolf,﻿S.J.,,,,,,1867.0,Baltimore
﻿bal.md.0097,﻿church,﻿St. Aloysius',English,,,,﻿St. Mary's County,,﻿Leonardtown,﻿Leonardtown,﻿MD,,38.291238,-76.6357942,﻿bal.md.0098,﻿Attended from Newtown,﻿Every other Sunday,,,,,,,,,,,1867.0,Baltimore
﻿bal.md.0099,﻿church,"﻿Lady's Chapel, St. Aloysius'",English,,,,﻿St. Mary's County,,,,﻿MD,,38.4421648,-76.7439767,﻿bal.md.0098,﻿Attended from Newtown,﻿Every other Sunday,,,,,,,,,,,1867.0,Baltimore
﻿bal.md.0100,﻿church,﻿St. John's,English,,,,﻿St. Mary's County,,,,﻿MD,,38.4421648,-76.7439767,﻿bal.md.0098,﻿Attended from Newtown,﻿Every other Sunday,,,,,,,,,,,1867.0,Baltimore
﻿bal.md.0101,﻿church,﻿St. Joseph's,English,,,,﻿St. Mary's County,,,,﻿MD,,38.4421648,-76.7439767,﻿bal.md.0098,﻿Attended from Newtown,﻿Every other Sunday,,,,,,,,,,,1867.0,Baltimore
﻿bal.md.0102,﻿church,﻿Sacred Heart,English,,,,﻿St. Mary's County,,,,﻿MD,,38.4421648,-76.7439767,﻿bal.md.0098,"﻿Attended by Rev. J.B. De Wolf, S.J., from Newtown",﻿Every other Sunday,,,,,,,,,,,1867.0,Baltimore
﻿bal.md.0103,﻿church,﻿St. Mary's,English,,,,﻿Prince George's County,,﻿Piscataway,﻿Piscataway,﻿MD,,38.700556,-76.9725,﻿bal.md.0062,"﻿Attended by Rev. Peter Lenaghan, of Beantown, Charles County",﻿2d and 4th Sundays,,,,,,,,,,,1867.0,Baltimore
﻿bal.md.0104,﻿church,﻿St. Mary's,English,,,,﻿Prince George's County,,﻿Marlboro,﻿Upper Marlboro,﻿MD,,38.829072499999995,-76.77067690000001,﻿bal.md.0121,"﻿Attended from St. Dominic's, Washington City",,,,,,,,﻿Carmelites,,,,1867.0,Baltimore
﻿bal.md.0105,﻿church,﻿St. Mary's,English,,,,﻿Prince George's County,,﻿Laurel Factory,﻿Laurel,﻿MD,,39.0992752,-76.8483061,﻿bal.md.0086,"﻿Attended by Rev. D. De Wulf, of Elkridge",﻿Twice a month,,,,,,,,,,,1867.0,Baltimore
﻿bal.md.0106,﻿church,﻿St. Ignatius',English,,,,﻿Prince George's County,,,,﻿MD,,38.7849211,-76.8720961,﻿bal.md.0121,"﻿Attended from St. Dominic's, Washington",,,,,,,,,,,,1867.0,Baltimore
﻿bal.md.0107,﻿church,not recorded,English,,,,﻿Prince George's County,,﻿White Marsh,,﻿MD,,38.9806178,-76.73044159999999,,,,,﻿cha_bague_001,﻿Rev.,﻿Charles Bague,﻿S.J.,,,,,,1867.0,Baltimore
﻿bal.md.0108,﻿church,﻿St. Mary's,English,,,,﻿Washington County,,﻿Hagerstown,﻿Hagerstown,﻿MD,,39.641762899999996,-77.7199932,,,,,﻿edm_didier_001,﻿Rev.,﻿Edmund Didier,,,,,,,1867.0,Baltimore
﻿bal.md.0109,﻿church,﻿St. Peter's,English,,,,﻿Washington County,,﻿Hancock,﻿Hancock,﻿MD,,39.700002399999995,-78.18637890000001,,,,,﻿m_daush_001,﻿Rev.,﻿Michael Dausch,,,,,,,1867.0,Baltimore
﻿bal.md.0110,﻿church,﻿St. Thomas',English,,,,﻿Washington County,,﻿Moore's Settlement,,﻿MD,,39.6130477,-77.6994197,﻿bal.md.0109,﻿Attended from Hancock,,,,,,,,,,,,1867.0,Baltimore
﻿bal.md.0112,﻿church,﻿St. Augustine's,English,,,,﻿Washington County,,﻿Williamsport,﻿Williamsport,﻿MD,,39.6006523,-77.82055079999999,﻿bal.md.0108,﻿Attended from Hagerstown,,,,,,,,,,,,1867.0,Baltimore
﻿bal.md.0113,﻿church,﻿St. Michael's,English,﻿church building,,,﻿Washington County,,﻿Clearspring,﻿Clearspring,﻿MD,,39.6562064,-77.93166490000002,﻿bal.md.0108,﻿Attended from Hagerstown,,,,,,,,,,,,1867.0,Baltimore
﻿bal.md.0113,﻿church,﻿St. Michael's,English,"﻿Easton, church nearly completed",,,﻿Talbot County,,﻿Clearspring,﻿Clearspring,﻿MD,,39.6562064,-77.93166490000002,,,,,,,,,,,,,,1867.0,Baltimore
﻿bal.md.0113,﻿church,﻿St. Joseph's,English,"﻿Easton, church nearly completed",,,﻿Talbot County,,﻿Wye Mills,﻿Clearspring,﻿MD,,39.6562064,-77.93166490000002,,,,,﻿m_sanders_001,﻿Rev.,﻿M. Sanders,﻿S.J.,,,,,,1867.0,Baltimore
﻿bal.md.0114,﻿church,﻿Saint Patrick's,English,,﻿corner of F and Tenth streets,,,,﻿Washington City,﻿Washington,﻿DC,,38.9071923,-77.03687070000001,,,,,﻿jac_a_walter_001,﻿Rev.,﻿Jacob A. Walter,﻿P.P.,,,,,,1867.0,Baltimore
﻿bal.md.0114,﻿church,﻿Saint Patrick's,English,,﻿corner of F and Tenth streets,,,,﻿Washington City,﻿Washington,﻿DC,,38.9071923,-77.03687070000001,,,,,﻿joh_j_keane_001,﻿Rev.,﻿John J. Keane,,,,,,,1867.0,Baltimore
﻿bal.md.0115,﻿church,﻿Immaculate Conception,English,,﻿corner of N and Eigth streets,,,,﻿Washington City,﻿Washington,﻿DC,,38.9071923,-77.03687070000001,,,,,﻿pf_mccarthy_001,﻿Rev.,﻿P.F. McCarthy,﻿P.P.,,,,,,1867.0,Baltimore
﻿bal.md.0116,﻿church,﻿St. Peter's,English,,﻿Capitol Hill,,,,﻿Washington City,﻿Washington,﻿DC,,38.8860434,-76.999525,,,,,﻿fra_e_boyle_001,﻿Rev.,﻿Francis E. Boyle,﻿P.P.,,,,,,1867.0,Baltimore
﻿bal.md.0116,﻿church,﻿St. Peter's,English,,﻿Capitol Hill,,,,﻿Washington City,﻿Washington,﻿DC,,38.8860434,-76.999525,,,,,﻿fel_barotti_001,﻿Rev.,﻿Thomas Felix Barotti,,,,,,,1867.0,Baltimore
﻿bal.md.0117,﻿church,﻿St. Matthew's,English,,﻿corner of H and Fifteenth streets,,,,﻿Washington City,﻿Washington,﻿DC,,38.9071923,-77.03687070000001,,,,,﻿cha_i_white_001,﻿Rev.,﻿Charles I. White,"﻿D.D., P.P.",,,,,,1867.0,Baltimore
﻿bal.md.0117,﻿church,﻿St. Matthew's,English,,﻿corner of H and Fifteenth streets,,,,﻿Washington City,﻿Washington,﻿DC,,38.9071923,-77.03687070000001,,,,,﻿joh_mcnally_001,﻿Rev.,﻿John McNally,,,,,,,1867.0,Baltimore
﻿bal.md.0118,﻿church,﻿St. Stephen's,English,﻿Church building,﻿corner of Pennsylvania Avenue and Twenty-fifth street,,,,﻿Washington City,﻿Washington,﻿DC,,38.9036639,-77.05330129999999,,,,,,,,,,,,,,1867.0,Baltimore
﻿bal.md.0119,﻿chapel,﻿Chapel of Blessed Martin de Porras,English,﻿for colored people,"﻿Fifteenth st., St. Matthew's Parish",,,,﻿Washington City,﻿Washington,﻿DC,,38.8437584,-76.9833127,﻿bal.md.0154,﻿Attended from Georgetown College,,,,,,,,,,,,1867.0,Baltimore
﻿bal.md.0120,﻿church,﻿Mother of God,﻿German,,﻿Fifth street,,,,﻿Washington City,﻿Washington,﻿DC,,38.9071923,-77.03687070000001,,,,,﻿m_alig_001,﻿Rev.,﻿M. Alig,﻿P.P.,,,,,,1867.0,Baltimore
﻿bal.md.0121,﻿church,﻿St. Dominic's,English,,﻿on the Island,,,,﻿Washington City,﻿Washington,﻿DC,,38.9071923,-77.03687070000001,,,,,﻿ja_bokel_001,﻿Rev.,﻿J.A. Bokel,﻿O.S.D.,,,,,,1867.0,Baltimore
﻿bal.md.0121,﻿church,﻿St. Dominic's,English,,﻿on the Island,,,,﻿Washington City,﻿Washington,﻿DC,,38.9071923,-77.03687070000001,,,,,﻿jh_lynch_001,﻿Rev.,﻿J.H. Lynch,﻿O.S.D.,,,,,,1867.0,Baltimore
﻿bal.md.0121,﻿church,﻿St. Dominic's,English,,﻿on the Island,,,,﻿Washington City,﻿Washington,﻿DC,,38.9071923,-77.03687070000001,,,,,﻿f_ralph_001,﻿Rev.,﻿F. Ralph,﻿O.S.D.,,,,,,1867.0,Baltimore
﻿bal.md.0121,﻿church,﻿St. Dominic's,English,,﻿on the Island,,,,﻿Washington City,﻿Washington,﻿DC,,38.9071923,-77.03687070000001,,,,,﻿f_coll_001,﻿Rev.,﻿F. Coll,﻿O.S.D.,,,,,,1867.0,Baltimore
﻿bal.md.0121,﻿church,﻿St. Dominic's,English,,﻿on the Island,,,,﻿Washington City,﻿Washington,﻿DC,,38.9071923,-77.03687070000001,,,,,﻿n_d_young_001,﻿Rev.,﻿Dominic Young,﻿O.S.D.,,,,,,1867.0,Baltimore
﻿bal.md.0122,﻿church,﻿St. Aloysius',English,,,,,,﻿Washington City,﻿Washington,﻿DC,,38.9071923,-77.03687070000001,,,,,﻿ch_stonestreet_001,﻿Rev.,﻿C.H. Stonestreet,﻿S.J.,,,,,,1867.0,Baltimore
﻿bal.md.0122,﻿church,﻿St. Aloysius',English,,,,,,﻿Washington City,﻿Washington,﻿DC,,38.9071923,-77.03687070000001,,,,,﻿ale_l_hitselberger_001,﻿Rev.,﻿Alex. L. Hitselberger,﻿S.J.,,,,,,1867.0,Baltimore
﻿bal.md.0122,﻿church,﻿St. Aloysius',English,,,,,,﻿Washington City,﻿Washington,﻿DC,,38.9071923,-77.03687070000001,,,,,﻿alo_roccofort_001,﻿Rev.,﻿Aloysius Roccofort,﻿S.J.,,,,,,1867.0,Baltimore
﻿bal.md.0123,﻿chapel,﻿Visitation Convent Chapel,English,,,,,,﻿Washington City,﻿Washington,﻿DC,,38.9071923,-77.03687070000001,,,,,﻿d_lynch_001,﻿Rev.,﻿D. Lynch,﻿S.J.,,,,,,1867.0,Baltimore
﻿bal.md.0123,﻿chapel,﻿Chapel of Sisters of Mercy,English,,,,,,﻿Washington City,﻿Washington,﻿DC,,38.9071923,-77.03687070000001,,,,,﻿a_roccofort_001,﻿Rev.,﻿A. Roccofort,﻿S.J.,,,,,,1867.0,Baltimore
﻿bal.md.0124,﻿church,﻿Holy Trinity,English,,,,,,﻿Georgetown,﻿Georgetown,﻿DC,,38.9097057,-77.0653565,,,,,﻿af_ciampi_001,﻿Rev.,﻿Anthony F. Crampi,﻿S.J.,,,,,,1867.0,Baltimore
﻿bal.md.0124,﻿church,﻿Holy Trinity,English,,,,,,﻿Georgetown,﻿Georgetown,﻿DC,,38.9097057,-77.0653565,,,,,﻿ale_jamison_002,﻿Rev.,﻿Alexius Jamison,﻿S.J.,,,,,,1867.0,Baltimore
﻿bal.md.0125,﻿chapel,﻿Visitation Convent Chapel,English,,,,,,﻿Georgetown,﻿Georgetown,﻿DC,,38.9097057,-77.0653565,,,,,﻿jam_curley_001,﻿Rev.,﻿James Curley,﻿S.J.,,,,,,1867.0,Baltimore
﻿bal.md.0127,"﻿seminary, university",﻿Theological Seminary of St. Sulpice and St. Mary's University,English,"﻿conducted by the ""Associated Professors of St. Mary's Seminary in Baltimore City""; this Institution, raised by the Holy See to the rank of a Catholic University, has the power of conferring degrees in the different departments of the sciences, upon such of the students and Reverend Clergy as qualify themselves to receive them by competent examinations. The Programme of Examination for the degrees in the faculty of Theology may be obtained from the Very Reverend Superior of the Seminary, President of St. Mary's University.",,,,,,,﻿MD,,38.1060259,-76.36372850000001,,,,,﻿j_p_dubreul_001,﻿Very Rev.,﻿J. Paul Dubreul,﻿D.D.,﻿Superior,,﻿student,"﻿Number of students, 65",,1867.0,Baltimore
﻿bal.md.0127,"﻿seminary, university",﻿Theological Seminary of St. Sulpice and St. Mary's University,English,"﻿conducted by the ""Associated Professors of St. Mary's Seminary in Baltimore City""; this Institution, raised by the Holy See to the rank of a Catholic University, has the power of conferring degrees in the different departments of the sciences, upon such of the students and Reverend Clergy as qualify themselves to receive them by competent examinations. The Programme of Examination for the degrees in the faculty of Theology may be obtained from the Very Reverend Superior of the Seminary, President of St. Mary's University.",,,,,,,﻿MD,,38.1060259,-76.36372850000001,,,,,﻿sta_ferte_001,﻿Rev.,﻿Stanislaus Ferte,﻿D.D.,,,﻿student,"﻿Number of students, 65",,1867.0,Baltimore
﻿bal.md.0127,"﻿seminary, university",﻿Theological Seminary of St. Sulpice and St. Mary's University,English,"﻿conducted by the ""Associated Professors of St. Mary's Seminary in Baltimore City""; this Institution, raised by the Holy See to the rank of a Catholic University, has the power of conferring degrees in the different departments of the sciences, upon such of the students and Reverend Clergy as qualify themselves to receive them by competent examinations. The Programme of Examination for the degrees in the faculty of Theology may be obtained from the Very Reverend Superior of the Seminary, President of St. Mary's University.",,,,,,,﻿MD,,38.1060259,-76.36372850000001,,,,,﻿pau_f_dissez_001,﻿Rev.,﻿Paulinus F. Dissez,,,,﻿student,"﻿Number of students, 65",,1867.0,Baltimore
﻿bal.md.0127,"﻿seminary, university",﻿Theological Seminary of St. Sulpice and St. Mary's University,English,"﻿conducted by the ""Associated Professors of St. Mary's Seminary in Baltimore City""; this Institution, raised by the Holy See to the rank of a Catholic University, has the power of conferring degrees in the different departments of the sciences, upon such of the students and Reverend Clergy as qualify themselves to receive them by competent examinations. The Programme of Examination for the degrees in the faculty of Theology may be obtained from the Very Reverend Superior of the Seminary, President of St. Mary's University.",,,,,,,﻿MD,,38.1060259,-76.36372850000001,,,,,﻿urb_lequerre_001,﻿Rev.,﻿Urbanus Lequerre,,,,﻿student,"﻿Number of students, 65",,1867.0,Baltimore
﻿bal.md.0127,"﻿seminary, university",﻿Theological Seminary of St. Sulpice and St. Mary's University,English,"﻿conducted by the ""Associated Professors of St. Mary's Seminary in Baltimore City""; this Institution, raised by the Holy See to the rank of a Catholic University, has the power of conferring degrees in the different departments of the sciences, upon such of the students and Reverend Clergy as qualify themselves to receive them by competent examinations. The Programme of Examination for the degrees in the faculty of Theology may be obtained from the Very Reverend Superior of the Seminary, President of St. Mary's University.",,,,,,,﻿MD,,38.1060259,-76.36372850000001,,,,,﻿s_guilbaud_001,﻿Rev.,﻿S. Guilbaud,,,,﻿student,"﻿Number of students, 65",,1867.0,Baltimore
﻿bal.md.0127,"﻿seminary, university",﻿Theological Seminary of St. Sulpice and St. Mary's University,English,"﻿conducted by the ""Associated Professors of St. Mary's Seminary in Baltimore City""; this Institution, raised by the Holy See to the rank of a Catholic University, has the power of conferring degrees in the different departments of the sciences, upon such of the students and Reverend Clergy as qualify themselves to receive them by competent examinations. The Programme of Examination for the degrees in the faculty of Theology may be obtained from the Very Reverend Superior of the Seminary, President of St. Mary's University.",,,,,,,﻿MD,,38.1060259,-76.36372850000001,,,,,﻿pau_chapon_001,﻿Rev.,﻿Paul Chapon,,,,﻿student,"﻿Number of students, 65",,1867.0,Baltimore
﻿bal.md.0127,"﻿seminary, university",﻿Theological Seminary of St. Sulpice and St. Mary's University,English,"﻿conducted by the ""Associated Professors of St. Mary's Seminary in Baltimore City""; this Institution, raised by the Holy See to the rank of a Catholic University, has the power of conferring degrees in the different departments of the sciences, upon such of the students and Reverend Clergy as qualify themselves to receive them by competent examinations. The Programme of Examination for the degrees in the faculty of Theology may be obtained from the Very Reverend Superior of the Seminary, President of St. Mary's University.",,,,,,,﻿MD,,38.1060259,-76.36372850000001,,,,,﻿ale_j_elder_001,﻿Rev.,﻿Alexius J. Elder,,,,﻿student,"﻿Number of students, 65",,1867.0,Baltimore
﻿bal.md.0128,﻿seminary,﻿Mount St. Mary's Theological Seminary,English,,﻿near Emmittsburgh,,,,,,﻿MD,,39.6799914,-77.3486971,,,,,﻿joh_mccaffrey_001,﻿Rev.,﻿John McCaffrey,﻿D.D.,﻿President,,,,,1867.0,Baltimore
﻿bal.md.0128,﻿seminary,﻿Mount St. Mary's Theological Seminary,English,,﻿near Emmittsburgh,,,,,,﻿MD,,39.6799914,-77.3486971,,,,,﻿hen_mcmurdie_001,﻿Rev.,﻿Henry McMurdie,,,,,,,1867.0,Baltimore
﻿bal.md.0128,﻿seminary,﻿Mount St. Mary's Theological Seminary,English,,﻿near Emmittsburgh,,,,,,﻿MD,,39.6799914,-77.3486971,,,,,﻿joh_mccloskey_001,﻿Rev.,﻿John McCloskey,,,,,,,1867.0,Baltimore
﻿bal.md.0128,﻿seminary,﻿Mount St. Mary's Theological Seminary,English,,﻿near Emmittsburgh,,,,,,﻿MD,,39.6799914,-77.3486971,,,,,﻿hh_xaupi_001,﻿Rev.,﻿H.H. Xaupi,,,,,,,1867.0,Baltimore
﻿bal.md.0129,﻿college,﻿St. Charles' College,English,,﻿near Ellicott's Mills,,﻿Howard County,,,,﻿MD,,39.2673283,-76.7983067,,,,,,,,,,,,,,1867.0,Baltimore
﻿bal.md.0130,"﻿seminary, university",﻿Petit Seminaire and Classical Department of St. Mary's University and Theological Seminary of St. Sulpice,English,,﻿St. Mary's University and Theological Seminary of St. Sulpice,,,,,,﻿MD,,39.0457549,-76.6412712,,,,,﻿oli_l_jenkins_001,﻿Rev.,﻿Oliver L. Jenkins,﻿A.M.,﻿President,﻿Baltimore College Faculty,﻿student,"﻿Students, 115",,1867.0,Baltimore
﻿bal.md.0130,"﻿seminary, university",﻿Petit Seminaire and Classical Department of St. Mary's University and Theological Seminary of St. Sulpice,English,,﻿St. Mary's University and Theological Seminary of St. Sulpice,,,,,,﻿MD,,39.0457549,-76.6412712,,,,,﻿pp_denis_001,﻿Rev.,﻿P.P. Dennis,,﻿Vice-President,﻿Baltimore College Faculty,﻿student,"﻿Students, 115",,1867.0,Baltimore
﻿bal.md.0130,"﻿seminary, university",﻿Petit Seminaire and Classical Department of St. Mary's University and Theological Seminary of St. Sulpice,English,,﻿St. Mary's University and Theological Seminary of St. Sulpice,,,,,,﻿MD,,39.0457549,-76.6412712,,,,,﻿ib_menu_001,﻿Rev.,﻿I.B. Menu,,﻿Professor,,﻿student,"﻿Students, 115",,1867.0,Baltimore
﻿bal.md.0130,"﻿seminary, university",﻿Petit Seminaire and Classical Department of St. Mary's University and Theological Seminary of St. Sulpice,English,,﻿St. Mary's University and Theological Seminary of St. Sulpice,,,,,,﻿MD,,39.0457549,-76.6412712,,,,,﻿hm_chaupis_001,﻿Rev.,﻿H.M. Chapuis,,﻿Professor,,﻿student,"﻿Students, 115",,1867.0,Baltimore
﻿bal.md.0130,"﻿seminary, university",﻿Petit Seminaire and Classical Department of St. Mary's University and Theological Seminary of St. Sulpice,English,,﻿St. Mary's University and Theological Seminary of St. Sulpice,,,,,,﻿MD,,39.0457549,-76.6412712,,,,,﻿ge_viger_001,﻿Rev.,﻿G.E. Viger,,﻿Professor,,﻿student,"﻿Students, 115",,1867.0,Baltimore
﻿bal.md.0130,"﻿seminary, university",﻿Petit Seminaire and Classical Department of St. Mary's University and Theological Seminary of St. Sulpice,English,,﻿St. Mary's University and Theological Seminary of St. Sulpice,,,,,,﻿MD,,39.0457549,-76.6412712,,,,,﻿jh_dujarie_001,﻿Rev.,﻿J.H. Dujarie,,﻿Professor,,﻿student,"﻿Students, 115",,1867.0,Baltimore
﻿bal.md.0130,"﻿seminary, university",﻿Petit Seminaire and Classical Department of St. Mary's University and Theological Seminary of St. Sulpice,English,,﻿St. Mary's University and Theological Seminary of St. Sulpice,,,,,,﻿MD,,39.0457549,-76.6412712,,,,,﻿l_rince_001,﻿Rev.,﻿L. Rince,,﻿Professor,,﻿student,"﻿Students, 115",,1867.0,Baltimore
﻿bal.md.0130,"﻿seminary, university",﻿Petit Seminaire and Classical Department of St. Mary's University and Theological Seminary of St. Sulpice,English,,﻿St. Mary's University and Theological Seminary of St. Sulpice,,,,,,﻿MD,,39.0457549,-76.6412712,,,,,﻿jb_vuibert_001,﻿Rev.,﻿J.B. Vuibert,,﻿Professor,,﻿student,"﻿Students, 115",,1867.0,Baltimore
﻿bal.md.0130,"﻿seminary, university",﻿Petit Seminaire and Classical Department of St. Mary's University and Theological Seminary of St. Sulpice,English,,﻿St. Mary's University and Theological Seminary of St. Sulpice,,,,,,﻿MD,,39.0457549,-76.6412712,,,,,﻿flm_dumont_001,﻿Rev.,﻿F.L.M. Dumont,,﻿Professor,,﻿student,"﻿Students, 115",,1867.0,Baltimore
﻿bal.md.0130,"﻿seminary, university",﻿Petit Seminaire and Classical Department of St. Mary's University and Theological Seminary of St. Sulpice,English,,﻿St. Mary's University and Theological Seminary of St. Sulpice,,,,,,﻿MD,,39.0457549,-76.6412712,,,,,﻿mj_lynch_001,﻿Rev.,﻿M.J. Lynch,,﻿Professor,,﻿student,"﻿Students, 115",,1867.0,Baltimore
﻿bal.md.0130,"﻿seminary, university",﻿Petit Seminaire and Classical Department of St. Mary's University and Theological Seminary of St. Sulpice,English,,﻿St. Mary's University and Theological Seminary of St. Sulpice,,,,,,﻿MD,,39.0457549,-76.6412712,,,,,﻿bs_piot_001,﻿Rev.,﻿B.S. Piot,,﻿Professor,,﻿student,"﻿Students, 115",,1867.0,Baltimore
﻿bal.md.0130,"﻿seminary, university",﻿Petit Seminaire and Classical Department of St. Mary's University and Theological Seminary of St. Sulpice,English,,﻿St. Mary's University and Theological Seminary of St. Sulpice,,,,,,﻿MD,,39.0457549,-76.6412712,,,,,﻿hf_griffin_001,﻿Rev.,﻿H.F. Griffin,,﻿Professor,,﻿student,"﻿Students, 115",,1867.0,Baltimore
﻿bal.md.0130,"﻿seminary, university",﻿Petit Seminaire and Classical Department of St. Mary's University and Theological Seminary of St. Sulpice,English,,﻿St. Mary's University and Theological Seminary of St. Sulpice,,,,,,﻿MD,,39.0457549,-76.6412712,,,,,﻿mar_vignon_001,﻿Rev.,﻿Marc Vignon,,,,﻿student,"﻿Students, 115",,1867.0,Baltimore
﻿bal.md.0133,﻿novitiate,﻿Novitiate of the Society of Jesus,English,,,,,,﻿Frederick,﻿Frederick,﻿MD,,39.414268799999995,-77.41054090000002,,,,,﻿jos_ocallaghan_001,﻿Rev.,﻿Joseph O'Callaghan,﻿S.J.,﻿Rector and Master of Novices,,,,,1867.0,Baltimore
﻿bal.md.0133,﻿novitiate,﻿Novitiate of the Society of Jesus,English,,,,,,﻿Frederick,﻿Frederick,﻿MD,,39.414268799999995,-77.41054090000002,,,,,﻿fel_cicaterri_001,﻿Rev.,﻿Felix Cicaterri,﻿S.J.,﻿Instructor of third Probation,,,,,1867.0,Baltimore
﻿bal.md.0133,﻿novitiate,﻿Novitiate of the Society of Jesus,English,,,,,,﻿Frederick,﻿Frederick,﻿MD,,39.414268799999995,-77.41054090000002,,,,,﻿tho_mcdonough_001,﻿Rev.,﻿Thomas McDonough,﻿S.J.,,,,,,1867.0,Baltimore
﻿bal.md.0133,﻿novitiate,﻿Novitiate of the Society of Jesus,English,,,,,,﻿Frederick,﻿Frederick,﻿MD,,39.414268799999995,-77.41054090000002,,,,,﻿joh_mcelroy_001,﻿Rev.,﻿John McElroy,﻿S.J.,,,,,,1867.0,Baltimore
﻿bal.md.0133,﻿novitiate,﻿Novitiate of the Society of Jesus,English,,,,,,﻿Frederick,﻿Frederick,﻿MD,,39.414268799999995,-77.41054090000002,,,,,﻿lespes_001,﻿Rev. Fr.,﻿Lespes,﻿S.J.,,,,,,1867.0,Baltimore
﻿bal.md.0133,﻿novitiate,﻿Novitiate of the Society of Jesus,English,,,,,,﻿Frederick,﻿Frederick,﻿MD,,39.414268799999995,-77.41054090000002,,,,,﻿a_free_002,﻿Rev.,﻿A. Free,﻿S.J.,,,,,,1867.0,Baltimore
﻿bal.md.0133,﻿novitiate,﻿Novitiate of the Society of Jesus,English,,,,,,﻿Frederick,﻿Frederick,﻿MD,,39.414268799999995,-77.41054090000002,,,,,﻿j_zealand_002,﻿Rev.,﻿J. Zealand,﻿S.J.,,,,,,1867.0,Baltimore
﻿bal.md.0133,﻿novitiate,﻿Novitiate of the Society of Jesus,English,,,,,,﻿Frederick,﻿Frederick,﻿MD,,39.414268799999995,-77.41054090000002,,,,,﻿ign_penckert_001,﻿Rev.,﻿Ignatius Penckert,﻿S.J.,,,,,,1867.0,Baltimore
﻿bal.md.0133,﻿novitiate,﻿Novitiate of the Society of Jesus,English,,,,,,﻿Frederick,﻿Frederick,﻿MD,,39.414268799999995,-77.41054090000002,,,,,﻿j_shea_001,﻿Rev.,﻿J. Shea,﻿S.J.,,,,,,1867.0,Baltimore
﻿bal.md.0133,﻿novitiate,﻿Novitiate of the Society of Jesus,English,,,,,,﻿Frederick,﻿Frederick,﻿MD,,39.414268799999995,-77.41054090000002,,,,,﻿tho_sheerin_001,﻿Rev.,﻿Thomas Sheerin,﻿S.J.,,,,,,1867.0,Baltimore
﻿bal.md.0133,﻿convent,﻿St. Alphonsus' Convent of the Congregation of the Most Holy Redeemer,English,,"﻿St. Alphonsus' Church, corner of Saratoga and Park streets",,,,﻿Baltimore,﻿Baltimore,﻿MD,,39.414268799999995,-77.41054090000002,,,,,﻿jos_helmproecht_001,﻿Very Rev.,﻿Joseph Helmproecht,﻿C.SS.R.,﻿Provincial,,﻿lay-brother,﻿7 Lay-brothers,,1867.0,Baltimore
﻿bal.md.0133,﻿convent,﻿St. Alphonsus' Convent of the Congregation of the Most Holy Redeemer,English,,"﻿St. Alphonsus' Church, corner of Saratoga and Park streets",,,,﻿Baltimore,﻿Baltimore,﻿MD,,39.414268799999995,-77.41054090000002,,,,,﻿m_muller_002,﻿Rev.,﻿Michael Mueller,﻿C.SS.R.,﻿Rector,,﻿lay-brother,﻿7 Lay-brothers,,1867.0,Baltimore
﻿bal.md.0133,﻿convent,﻿St. Alphonsus' Convent of the Congregation of the Most Holy Redeemer,English,,"﻿St. Alphonsus' Church, corner of Saratoga and Park streets",,,,﻿Baltimore,﻿Baltimore,﻿MD,,39.414268799999995,-77.41054090000002,,,,,﻿pet_cronenberg_002,﻿Rev.,﻿Peter Cronenberg,﻿C.SS.R.,,,﻿lay-brother,﻿7 Lay-brothers,,1867.0,Baltimore
﻿bal.md.0133,﻿convent,﻿St. Alphonsus' Convent of the Congregation of the Most Holy Redeemer,English,,"﻿St. Alphonsus' Church, corner of Saratoga and Park streets",,,,﻿Baltimore,﻿Baltimore,﻿MD,,39.414268799999995,-77.41054090000002,,,,,﻿jam_nagel_001,﻿Rev.,﻿James Nagel,﻿C.SS.R.,,,﻿lay-brother,﻿7 Lay-brothers,,1867.0,Baltimore
﻿bal.md.0133,﻿convent,﻿St. Alphonsus' Convent of the Congregation of the Most Holy Redeemer,English,,"﻿St. Alphonsus' Church, corner of Saratoga and Park streets",,,,﻿Baltimore,﻿Baltimore,﻿MD,,39.414268799999995,-77.41054090000002,,,,,﻿jos_clauss_002,﻿Rev.,﻿Joseph Clauss,﻿C.SS.R.,,,﻿lay-brother,﻿7 Lay-brothers,,1867.0,Baltimore
﻿bal.md.0133,﻿convent,﻿St. Alphonsus' Convent of the Congregation of the Most Holy Redeemer,English,,"﻿St. Alphonsus' Church, corner of Saratoga and Park streets",,,,﻿Baltimore,﻿Baltimore,﻿MD,,39.414268799999995,-77.41054090000002,,,,,﻿jos_wirth_001,﻿Rev.,﻿Joseph Wirth,﻿C.SS.R.,,,﻿lay-brother,﻿7 Lay-brothers,,1867.0,Baltimore
﻿bal.md.0133,﻿convent,﻿St. Alphonsus' Convent of the Congregation of the Most Holy Redeemer,English,,"﻿St. Alphonsus' Church, corner of Saratoga and Park streets",,,,﻿Baltimore,﻿Baltimore,﻿MD,,39.414268799999995,-77.41054090000002,,,,,﻿ada_gunkel_001,﻿Rev.,﻿Adam Gunkel,﻿C.SS.R.,,,﻿lay-brother,﻿7 Lay-brothers,,1867.0,Baltimore
﻿bal.md.0133,﻿convent,﻿St. Alphonsus' Convent of the Congregation of the Most Holy Redeemer,English,,"﻿St. Alphonsus' Church, corner of Saratoga and Park streets",,,,﻿Baltimore,﻿Baltimore,﻿MD,,39.414268799999995,-77.41054090000002,,,,,﻿ber_arant_001,﻿Rev.,﻿Bernard Arant,﻿C.SS.R.,,,﻿lay-brother,﻿7 Lay-brothers,,1867.0,Baltimore
﻿bal.md.0133,﻿convent,﻿St. Alphonsus' Convent of the Congregation of the Most Holy Redeemer,English,,"﻿St. Alphonsus' Church, corner of Saratoga and Park streets",,,,﻿Baltimore,﻿Baltimore,﻿MD,,39.414268799999995,-77.41054090000002,,,,,﻿joh_n_berger_001,﻿Rev.,﻿John N. Berger,﻿C.SS.R.,,,﻿lay-brother,﻿7 Lay-brothers,,1867.0,Baltimore
﻿bal.md.0133,﻿convent,﻿St. Alphonsus' Convent of the Congregation of the Most Holy Redeemer,English,,"﻿St. Alphonsus' Church, corner of Saratoga and Park streets",,,,﻿Baltimore,﻿Baltimore,﻿MD,,39.414268799999995,-77.41054090000002,,,,,﻿wil_oconner_001,﻿Rev.,﻿William O'Conner,﻿C.SS.R.,,,﻿lay-brother,﻿7 Lay-brothers,,1867.0,Baltimore
﻿bal.md.0134,"﻿convent, house",﻿Convent and House of Studies of the Redemptorists,English,,﻿St. Mary's,,,,﻿Annapolis,﻿Annapolis,﻿MD,,38.998306299999996,-76.52180990000001,,,,,﻿leo_petsch_001,﻿Very Rev.,﻿Leopold Petsch,﻿C.SS.R.,﻿Rector,,﻿clerical student,"﻿Clerical students, 45",,1867.0,Baltimore
﻿bal.md.0134,"﻿convent, house",﻿Convent and House of Studies of the Redemptorists,English,,﻿St. Mary's,,,,﻿Annapolis,﻿Annapolis,﻿MD,,38.998306299999996,-76.52180990000001,,,,,﻿fer_gerardey_001,﻿Rev.,﻿Fereol Gerardey,﻿C.SS.R.,,,﻿lay-brother,"﻿Lay-brothers, 18",,1867.0,Baltimore
﻿bal.md.0134,"﻿convent, house",﻿Convent and House of Studies of the Redemptorists,English,,﻿St. Mary's,,,,﻿Annapolis,﻿Annapolis,﻿MD,,38.998306299999996,-76.52180990000001,,,,,﻿mic_burke_001,﻿Rev.,﻿Michael Burke,﻿C.SS.R.,,,﻿lay-brother,"﻿Lay-brothers, 18",,1867.0,Baltimore
﻿bal.md.0134,"﻿convent, house",﻿Convent and House of Studies of the Redemptorists,English,,﻿St. Mary's,,,,﻿Annapolis,﻿Annapolis,﻿MD,,38.998306299999996,-76.52180990000001,,,,,﻿tim_enright_001,﻿Rev.,﻿Timothy Enright,﻿C.SS.R.,,,﻿lay-brother,"﻿Lay-brothers, 18",,1867.0,Baltimore
﻿bal.md.0134,"﻿convent, house",﻿Convent and House of Studies of the Redemptorists,English,,﻿St. Mary's,,,,﻿Annapolis,﻿Annapolis,﻿MD,,38.998306299999996,-76.52180990000001,,,,,﻿jos_tirle_001,﻿Rev.,﻿Joseph Tirle,﻿C.SS.R.,,,﻿lay-brother,"﻿Lay-brothers, 18",,1867.0,Baltimore
﻿bal.md.0134,"﻿convent, house",﻿Convent and House of Studies of the Redemptorists,English,,﻿St. Mary's,,,,﻿Annapolis,﻿Annapolis,﻿MD,,38.998306299999996,-76.52180990000001,,,,,﻿jam_keisz_001,﻿Rev.,﻿James Keitz,﻿C.SS.R.,,,﻿lay-brother,"﻿Lay-brothers, 18",,1867.0,Baltimore
﻿bal.md.0134,"﻿convent, house",﻿Convent and House of Studies of the Redemptorists,English,,﻿St. Mary's,,,,﻿Annapolis,﻿Annapolis,﻿MD,,38.998306299999996,-76.52180990000001,,,,,﻿and_ziegler_001,﻿Rev.,﻿Andrew Ziegler,﻿C.SS.R.,,,﻿lay-brother,"﻿Lay-brothers, 18",,1867.0,Baltimore
﻿bal.md.0135,﻿convent,﻿St. Michael's Convent of C.SS.R.,English,,﻿corner of Lombard and Wolff streets,,,,﻿Baltimore,﻿Baltimore,﻿MD,,39.2903848,-76.6121893,,,,,﻿wil_luhrmann_001,﻿Rev.,﻿William Luhrmann,﻿C.SS.R.,﻿Rector,,,,,1867.0,Baltimore
﻿bal.md.0135,﻿convent,﻿St. Michael's Convent of C.SS.R.,English,,﻿corner of Lombard and Wolff streets,,,,﻿Baltimore,﻿Baltimore,﻿MD,,39.2903848,-76.6121893,,,,,﻿tha_anwander_001,﻿Rev.,﻿Thaddeus Anwander,﻿C.SS.R.,,,,,,1867.0,Baltimore
﻿bal.md.0135,﻿convent,﻿St. Michael's Convent of C.SS.R.,English,,﻿corner of Lombard and Wolff streets,,,,﻿Baltimore,﻿Baltimore,﻿MD,,39.2903848,-76.6121893,,,,,﻿fra_klaholz_001,﻿Rev.,﻿Francis Klaholz,﻿C.SS.R.,,,,,,1867.0,Baltimore
﻿bal.md.0135,﻿convent,﻿St. Michael's Convent of C.SS.R.,English,,﻿corner of Lombard and Wolff streets,,,,﻿Baltimore,﻿Baltimore,﻿MD,,39.2903848,-76.6121893,,,,,﻿ada_petri_001,﻿Rev.,﻿Adam Petri,﻿C.SS.R.,,,,,,1867.0,Baltimore
﻿bal.md.0135,﻿convent,﻿St. Michael's Convent of C.SS.R.,English,,﻿corner of Lombard and Wolff streets,,,,﻿Baltimore,﻿Baltimore,﻿MD,,39.2903848,-76.6121893,,,,,﻿and_lindenfeld_002,﻿Rev.,﻿Andrew Lindenfeld,﻿C.SS.R.,,,,,,1867.0,Baltimore
﻿bal.md.0135,﻿convent,﻿St. Michael's Convent of C.SS.R.,English,,﻿corner of Lombard and Wolff streets,,,,﻿Baltimore,﻿Baltimore,﻿MD,,39.2903848,-76.6121893,,,,,﻿cha_w_rathke_001,﻿Rev.,﻿Charles W. Rathke,﻿C.SS.R.,,,,,,1867.0,Baltimore
﻿bal.md.0135,﻿convent,﻿St. Michael's Convent of C.SS.R.,English,,﻿corner of Lombard and Wolff streets,,,,﻿Baltimore,﻿Baltimore,﻿MD,,39.2903848,-76.6121893,,,,,﻿b_eberhart_001,﻿Rev.,﻿Francis Eberhardt,﻿C.SS.R.,,,,,,1867.0,Baltimore
﻿bal.md.0135,﻿convent,﻿St. Michael's Convent of C.SS.R.,English,,﻿corner of Lombard and Wolff streets,,,,﻿Baltimore,﻿Baltimore,﻿MD,,39.2903848,-76.6121893,,,,,﻿geo_roesch_002,﻿Rev.,﻿George Roesch,﻿C.SS.R.,,,,,,1867.0,Baltimore
﻿bal.md.0135,﻿convent,﻿St. Michael's Convent of C.SS.R.,English,,﻿corner of Lombard and Wolff streets,,,,﻿Baltimore,﻿Baltimore,﻿MD,,39.2903848,-76.6121893,,,,,﻿lor_werner_001,﻿Rev.,﻿Lorenz Werner,﻿C.SS.R.,,,,,,1867.0,Baltimore
﻿bal.md.0139,﻿convent,﻿Carmelite Convent,English,,﻿62 Aisquith street,,,,﻿Baltimore,﻿Baltimore,﻿MD,,39.291660799999995,-76.6019469,,,,,,﻿Rev. Mother,﻿Antony Lynch,,﻿Prioress,,,,,1867.0,Baltimore
﻿bal.md.0140,﻿convent,﻿Convent of the Visitation,English,,﻿Fayette street,,,,﻿Georgetown,﻿Georgetown,﻿DC,,38.90886679999999,-77.0694074,,,,,,﻿Mother,﻿Mary Angela Harrison,,﻿Superior,,,,,1867.0,Baltimore
﻿bal.md.0141,﻿convent,﻿Convent of the Visitation,English,,﻿corner of Park and Centre streets,,,,﻿Baltimore,﻿Baltimore,﻿MD,,39.2226822,-76.70526329999998,,,,,,﻿Mother,﻿Mary Paulina Millard,,﻿Superior,,,,,1867.0,Baltimore
﻿bal.md.0142,﻿convent,﻿Convent of the Visitation,English,,﻿near Catonsville,,,,﻿Mt. de Sales,﻿Mt. de Sales,﻿MD,,39.2828843,-76.72524940000001,,,,,,﻿Mother,﻿Mary Julia Freeman,,﻿Superior,,,,,1867.0,Baltimore
﻿bal.md.0143,﻿convent,﻿Convent of the Visitation,English,,,,,,﻿Frederick,﻿Frederick,﻿MD,,39.414268799999995,-77.41054090000002,,,,,,﻿Mother,﻿Mary Loretto Hunter,,﻿Superior,,,,,1867.0,Baltimore
﻿bal.md.0144,﻿convent,﻿Convent of the Visitation,English,,﻿corner of Tenth and G streets,,,,﻿Washington,﻿Washington,﻿DC,,38.9071923,-77.03687070000001,,,,,,﻿Mother,﻿Mary de Sales O'Hara,,﻿Superior,,,,,1867.0,Baltimore
﻿bal.md.0145,﻿convent,﻿Convent of the Immaculate Conception,English,,﻿Poppleton street,,,,,,﻿MD,,39.0457549,-76.6412712,,,,,,﻿Sister,﻿Mary Alphonsus Atkinson,,﻿Superior,,,,,1867.0,Baltimore
﻿bal.md.0149,﻿convent,﻿St. Joseph's Sisterhood,English,﻿Mother House of the Sisters of Charity in the U.S.,,,,,﻿Emmittsburgh,﻿Emmittsburg,﻿MD,,39.7045417,-77.3269307,,,,,,﻿Mother,﻿Mary Euphemia Blenkinsop,,﻿Superior,,,,﻿Sisters of Charity,1867.0,Baltimore
﻿bal.md.0150,﻿convent,﻿School Sisters of Notre Dame,English,,"﻿Eager street, near St. James' Church",,,,﻿Baltimore,﻿Baltimore,﻿MD,,39.305335,-76.6022437,,,,,,,,,,,,,﻿School Sisters of Notre Dame,1867.0,Baltimore
﻿bal.md.0152,﻿convent,﻿Convent of the Good Shepherd,English,,,,,,,,﻿MD,,39.2873339,-76.6437332,,,,,,﻿Mother,﻿Mary of St. Joseph,,﻿Superior,,,,,1867.0,Baltimore
﻿bal.md.0153,﻿convent,﻿Oblate Sisters of Providence,English,﻿colored,﻿Richmond street,,,,﻿Baltimore,﻿Baltimore,﻿MD,,39.393651,-76.5349317,,,,,,﻿Sister,﻿Mary G. Thomas,,﻿Superior,,,,,1867.0,Baltimore
﻿bal.md.0154,﻿college,﻿Georgetown College,English,,,,,,,,﻿DC,,38.9089151,-77.07234609999999,,,,,﻿ber_maguire_001,﻿Rev.,﻿Bernard Maguire,﻿S.J.,﻿Rector,,,,,1867.0,Baltimore
﻿bal.md.0154,﻿college,﻿Georgetown College,English,,,,,,,,﻿DC,,38.9089151,-77.07234609999999,,,,,﻿alb_peters_002,﻿Rev.,﻿Albert Peters,﻿S.J.,,,,,,1867.0,Baltimore
﻿bal.md.0154,﻿college,﻿Georgetown College,English,,,,,,,,﻿DC,,38.9089151,-77.07234609999999,,,,,﻿edm_young_001,﻿Rev.,﻿Edmund Young,﻿S.J.,,,,,,1867.0,Baltimore
﻿bal.md.0154,﻿college,﻿Georgetown College,English,,,,,,,,﻿DC,,38.9089151,-77.07234609999999,,,,,﻿jam_a_ward_001,﻿Rev.,﻿J.A. Ward,﻿S.J.,,,,,,1867.0,Baltimore
﻿bal.md.0154,﻿college,﻿Georgetown College,English,,,,,,,,﻿DC,,38.9089151,-77.07234609999999,,,,,﻿j_curley_001,﻿Rev.,﻿J. Curley,﻿S.J.,,,,,,1867.0,Baltimore
﻿bal.md.0154,﻿college,﻿Georgetown College,English,,,,,,,,﻿DC,,38.9089151,-77.07234609999999,,,,,﻿j_duverney_001,﻿Rev.,﻿J. Duverney,﻿S.J.,,,,,,1867.0,Baltimore
﻿bal.md.0154,﻿college,﻿Georgetown College,English,,,,,,,,﻿DC,,38.9089151,-77.07234609999999,,,,,﻿l_nota_001,﻿Rev.,﻿L. Nota,﻿S.J.,,,,,,1867.0,Baltimore
﻿bal.md.0154,﻿college,﻿Georgetown College,English,,,,,,,,﻿DC,,38.9089151,-77.07234609999999,,,,,﻿jb_guido_001,﻿Rev.,﻿J.B. Guida,﻿S.J.,,,,,,1867.0,Baltimore
﻿bal.md.0154,﻿college,﻿Georgetown College,English,,,,,,,,﻿DC,,38.9089151,-77.07234609999999,,,,,﻿pat_healy_002,﻿Rev.,﻿Patrick Healy,﻿S.J.,,,,,,1867.0,Baltimore
﻿bal.md.0154,﻿college,﻿Georgetown College,English,,,,,,,,﻿DC,,38.9089151,-77.07234609999999,,,,,﻿b_sestini_001,﻿Rev.,﻿B. Sestini,﻿S.J.,,,,,,1867.0,Baltimore
﻿bal.md.0154,﻿college,﻿Georgetown College,English,,,,,,,,﻿DC,,38.9089151,-77.07234609999999,,,,,﻿f_cicaterri_001,﻿Rev.,﻿F. Cicaterri,﻿S.J.,,,,,,1867.0,Baltimore
﻿bal.md.0154,﻿college,﻿Georgetown College,English,,,,,,,,﻿DC,,38.9089151,-77.07234609999999,,,,,﻿fra_gubitosi_001,﻿Rev.,﻿Francis Gubitosi,﻿S.J.,,,,,,1867.0,Baltimore
﻿bal.md.0154,﻿college,﻿Georgetown College,English,,,,,,,,﻿DC,,38.9089151,-77.07234609999999,,,,,﻿joh_prendergast_001,﻿Rev.,﻿John Prendergast,﻿S.J.,,,,,,1867.0,Baltimore
﻿bal.md.0154,﻿college,﻿Georgetown College,English,,,,,,,,﻿DC,,38.9089151,-77.07234609999999,,,,,﻿joh_b_mullaly_001,﻿Rev.,﻿John Mullally,﻿S.J.,,,,,,1867.0,Baltimore
﻿bal.md.0154,﻿college,﻿Georgetown College,English,,,,,,,,﻿DC,,38.9089151,-77.07234609999999,,,,,﻿j_conlon_003,﻿Rev.,﻿J. Conlon,﻿S.J.,,,,,,1867.0,Baltimore
﻿bal.md.0154,﻿college,﻿Georgetown College,English,,,,,,,,﻿DC,,38.9089151,-77.07234609999999,,,,,﻿r_gelinas_001,﻿Rev.,﻿R. Gelinas,﻿S.J.,,,,,,1867.0,Baltimore
﻿bal.md.0154,﻿college,﻿Georgetown College,English,,,,,,,,﻿DC,,38.9089151,-77.07234609999999,,,,,﻿joh_fitzpatrick_002,﻿Rev.,﻿John Fitzpatrick,﻿S.J.,,,,,,1867.0,Baltimore
﻿bal.md.0154,﻿college,﻿Georgetown College,English,,,,,,,,﻿DC,,38.9089151,-77.07234609999999,,,,,﻿ste_kelly_001,﻿Rev.,﻿Stephen Kelly,﻿S.J.,,,,,,1867.0,Baltimore
﻿bal.md.0154,﻿college,﻿Georgetown College,English,,,,,,,,﻿DC,,38.9089151,-77.07234609999999,,,,,﻿edw_b_boone_001,﻿Rev.,﻿Edw. Boone,﻿S.J.,,,,,,1867.0,Baltimore
﻿bal.md.0154,﻿college,﻿Georgetown College,English,,,,,,,,﻿DC,,38.9089151,-77.07234609999999,,,,,﻿edw_henchy_002,﻿Rev.,﻿Edw. Henchy,﻿S.J.,,,,,,1867.0,Baltimore
﻿bal.md.0154,﻿college,﻿Georgetown College,English,,,,,,,,﻿DC,,38.9089151,-77.07234609999999,,,,,﻿wm_cleary_001,﻿Rev.,﻿Wm. Cleary,﻿S.J.,,,,,,1867.0,Baltimore
﻿bal.md.0155,﻿college,﻿Gonzaga College,English,,,,,,﻿Washington,﻿Washington,﻿DC,,38.902164,-77.0094935,,,,,﻿bf_wiget_001,﻿Rev.,﻿Bernardinus Wiget,﻿S.J.,﻿President,,,,,1867.0,Baltimore
﻿bal.md.0155,﻿college,﻿Gonzaga College,English,,,,,,﻿Washington,﻿Washington,﻿DC,,38.902164,-77.0094935,,,,,﻿jb_emig_001,﻿Rev.,﻿John B. Emig,﻿S.J.,,,,,,1867.0,Baltimore
﻿bal.md.0155,﻿college,﻿Gonzaga College,English,,,,,,﻿Washington,﻿Washington,﻿DC,,38.902164,-77.0094935,,,,,﻿d_lynch_001,﻿Rev.,﻿Daniel Lynch,﻿S.J.,,,,,,1867.0,Baltimore
﻿bal.md.0156,﻿college,﻿Loyola College,English,,,,,,﻿Baltimore,﻿Baltimore,﻿MD,,39.3476737,-76.6172375,,,,,﻿am_paresce_001,﻿Very Rev.,﻿Angelo M. Paresce,﻿S.J.,﻿Provinicial of the Province of Maryland,,,,,1867.0,Baltimore
﻿bal.md.0156,﻿college,﻿Loyola College,English,,,,,,﻿Baltimore,﻿Baltimore,﻿MD,,39.3476737,-76.6172375,,,,,﻿joh_early_001,﻿Rev.,﻿John Early,﻿S.J.,﻿President,,,,,1867.0,Baltimore
﻿bal.md.0156,﻿college,﻿Loyola College,English,,,,,,﻿Baltimore,﻿Baltimore,﻿MD,,39.3476737,-76.6172375,,,,,﻿mic_oconnor_001,﻿Rev.,﻿Michael O'Connor,﻿S.J.,,,,,,1867.0,Baltimore
﻿bal.md.0156,﻿college,﻿Loyola College,English,,,,,,﻿Baltimore,﻿Baltimore,﻿MD,,39.3476737,-76.6172375,,,,,﻿pet_miller_001,﻿Rev.,﻿Peter Miller,﻿S.J.,,,,,,1867.0,Baltimore
﻿bal.md.0156,﻿college,﻿Loyola College,English,,,,,,﻿Baltimore,﻿Baltimore,﻿MD,,39.3476737,-76.6172375,,,,,﻿wf_clarke_001,﻿Rev.,﻿W.F. Clarke,﻿S.J.,,,,,,1867.0,Baltimore
﻿bal.md.0156,﻿college,﻿Loyola College,English,,,,,,﻿Baltimore,﻿Baltimore,﻿MD,,39.3476737,-76.6172375,,,,,﻿pat_forhan_001,﻿Rev.,﻿Patrick Forhan,﻿S.J.,,,,,,1867.0,Baltimore
﻿bal.md.0156,﻿college,﻿Loyola College,English,,,,,,﻿Baltimore,﻿Baltimore,﻿MD,,39.3476737,-76.6172375,,,,,﻿cha_f_king_001,﻿Rev.,﻿Charles King,﻿S.J.,,,,,,1867.0,Baltimore
﻿bal.md.0156,﻿college,﻿Loyola College,English,,,,,,﻿Baltimore,﻿Baltimore,﻿MD,,39.3476737,-76.6172375,,,,,﻿edw_mcnerhany_001,﻿Rev.,﻿Edward McNerhany,﻿S.J.,,,,,,1867.0,Baltimore
﻿bal.md.0156,﻿college,﻿Loyola College,English,,,,,,﻿Baltimore,﻿Baltimore,﻿MD,,39.3476737,-76.6172375,,,,,﻿jam_tehan_001,﻿Rev.,﻿James Tehan,﻿S.J.,,,,,,1867.0,Baltimore
﻿bal.md.0156,﻿college,﻿Loyola College,English,,,,,,﻿Baltimore,﻿Baltimore,﻿MD,,39.3476737,-76.6172375,,,,,﻿hen_gache_001,﻿Rev.,﻿Henry Gache,﻿S.J.,,,,,,1867.0,Baltimore
﻿bal.md.0157,﻿college,﻿Mount St. Mary's College,English,,﻿near Emmittsburgh,,,,,,﻿MD,,39.6799914,-77.3486971,,,,,﻿joh_mccaffrey_001,﻿Rev.,﻿John McCaffrey,﻿D.D.,﻿President,,,,,1867.0,Baltimore
﻿bal.md.0157,﻿college,﻿Mount St. Mary's College,English,,﻿near Emmittsburgh,,,,,,﻿MD,,39.6799914,-77.3486971,,,,,﻿joh_mccloskey_001,﻿Rev.,﻿John McCloskey,,﻿Vice-President,,,,,1867.0,Baltimore
﻿bal.md.0157,﻿community,﻿St. Joseph's Community of Brothers of the Christian Schools,English,,"﻿Calvert Hall, corner of Saratoga and Little Sharp streets",,,,﻿Baltimore,﻿Baltimore,﻿MD,,39.2935127,-76.6159848,,,,,,,,,,,,,,1867.0,Baltimore
﻿bal.md.0158,﻿academy,﻿Rock Hill Academy,English,﻿under the direction of the Brothers of the Christian Schools,,,﻿Howard County,,﻿Ellicott's Mills,﻿Ellicott City,﻿MD,,39.2935127,-76.6159848,,,,,,﻿Brother,﻿Lucian,,﻿Principal,,,,﻿Brothers of the Christian Schools,1867.0,Baltimore
﻿bal.md.0159,﻿college,﻿Borromeo College,English,,,,﻿Balt. County,﻿Baltimore County,﻿Pikesville,﻿Pikesville,﻿MD,,39.3742729,-76.72247270000001,,,,,﻿eqs_waldron_001,﻿Rev.,﻿E.Q.S. Waldron,,﻿President,,,,,1867.0,Baltimore
﻿bal.md.0161,﻿academy,﻿Academy of the Visitation,English,,﻿Fayette street,,,,﻿Georgetown,﻿Georgetown,﻿DC,,38.9097057,-77.0653565,,,,,,,,,,,,,,1867.0,Baltimore
﻿bal.md.0162,﻿academy,﻿Academy of the Visitation,English,,﻿Park street,,,,﻿Baltimore,﻿Baltimore,﻿MD,,39.2903848,-76.6121893,,,,,,,,,,,,,,1867.0,Baltimore
﻿bal.md.0163,﻿academy,﻿Academy of the Visitation,English,,﻿near Catonsville,,,,﻿Mount de Sales,﻿Mount de Sales,﻿MD,,39.2828843,-76.72524940000001,,,,,,,,,,,,,,1867.0,Baltimore
﻿bal.md.0164,﻿academy,﻿Academy of the Visitation,English,,,,,,﻿Frederick,﻿Frederick,﻿MD,,39.416227899999996,-77.4070088,,,,,,,,,,,,,,1867.0,Baltimore
﻿bal.md.0165,﻿academy,﻿Academy of the Visitation,English,,,,,,﻿Washington,﻿Washington,﻿DC,,38.9071923,-77.03687070000001,,,,,,,,,,,,,,1867.0,Baltimore
﻿bal.md.0166,﻿academy,﻿St. Joseph's Academy,English,,﻿near Emmittsburgh,,,,,,﻿MD,,39.7045417,-77.3269307,,,,,,,,,,,,,,1867.0,Baltimore
﻿bal.md.0167,﻿academy,﻿Academy of Notre Dame,English,,﻿Aisquith street,,,,﻿Baltimore,﻿Baltimore,﻿MD,,39.305335,-76.6022437,,,,,,,,,,,,,,1867.0,Baltimore
﻿bal.md.0168,﻿academy,﻿Academy of Sisters of Mercy,English,,﻿Poppleton street,,,,﻿Baltimore,﻿Baltimore,﻿MD,,39.2858624,-76.6319527,,,,,,,,,,,,,,1867.0,Baltimore
﻿bal.md.0169,﻿academy,﻿Academy of the Holy Cross,English,﻿under the direction of the Sisters of the Holy Cross,﻿Gough street,,,,﻿Baltimore,﻿Baltimore,﻿MD,,39.288428100000004,-76.5730832,,,,,,﻿Sister,﻿M. Alphonsus,,﻿Directress,,,,﻿Sisters of the Holy Cross,1867.0,Baltimore
﻿bal.md.0172,﻿academy,"﻿Academy of St. Joseph, and Male Parish School of the Cathedral",English,﻿under the charge of Brothers of the Christian Schools,"﻿Calvert Hall, corner of Saratoga and Little Sharp streets",,,,﻿Baltimore,﻿Baltimore,﻿MD,,39.2935127,-76.6159848,,,,,,,,,,,﻿pupil,"﻿Number of pupils, 400",﻿Brothers of the Christian Schools,1867.0,Baltimore
﻿bal.md.0173,﻿school,﻿Female Parish School of the Cathedral,English,﻿under the charge of Sisters of Charity,"﻿St. Mary's Asylum, Franklin street",,,,,,﻿MD,,39.0457549,-76.6412712,,,,,,,,,,,﻿pupil,"﻿Number of pupils, 250",﻿Sisters of Charity,1867.0,Baltimore
﻿bal.md.0174,﻿school,﻿Male Parish School of St. Alphonsus' Church,﻿German,﻿under the charge of Brothers of the Christian Schools,﻿Saratoga street,,,,﻿Baltimore,﻿Baltimore,﻿MD,,39.2932557,-76.61795579999999,,,,,,,,,,,﻿pupil,"﻿Number of pupils, 300",﻿Brothers of the Christian Schools,1867.0,Baltimore
﻿bal.md.0175,﻿school,﻿Female Parish School of St. Alphonsus,English,﻿under the charge of School Sisters of Notre Dame,,,,,,,,,39.2932557,-76.61795579999999,,,,,,,,,,,﻿scholar,"﻿Number of scholars, 300",﻿School Sisters of Notre Dame,1867.0,Baltimore
﻿bal.md.0176,﻿school,﻿Male Parish School of St. Peter's,English,﻿under the charge of Brothers of the Christian Schools,﻿Poppleton street,,,,﻿Baltimore,﻿Baltimore,﻿MD,,39.2858624,-76.6319527,,,,,,,,,,,﻿pupil,"﻿Pupils, 300",﻿Brothers of the Christian Schools,1867.0,Baltimore
﻿bal.md.0177,﻿school,﻿Female Parish School of St. Peter's,English,﻿conducted by Sisters of Mercy,,,,,﻿Baltimore,﻿Baltimore,﻿MD,,39.297670200000006,-76.6182691,,,,,,,,,,,﻿pupil,"﻿Pupils, 250",﻿Sisters of Mercy,1867.0,Baltimore
﻿bal.md.0178,﻿school,﻿Male Parish School of St. Vincent's,English,﻿under the charge of Brothers of the Christian Schools,﻿Front street,,,,﻿Baltimore,﻿Baltimore,﻿MD,,39.2891098,-76.60498,,,,,,,,,,,﻿pupil,"﻿Pupils, 300",﻿Brothers of the Christian Schools,1867.0,Baltimore
﻿bal.md.0179,﻿school,﻿Female Parish School of St. Vincent's,English,﻿under the charge of Sisters of Charity,,,,,﻿Baltimore,﻿Baltimore,﻿MD,,39.3582889,-76.7124134,,,,,,,,,,,﻿pupil,"﻿Pupils, 250",﻿Sisters of Charity,1867.0,Baltimore
﻿bal.md.0180,﻿school,﻿Male Parish School of St. Patrick's Church,English,﻿under the direction of the Brothers of the Holy Cross,,,,,﻿Baltimore,﻿Baltimore,﻿MD,,39.286863000000004,-76.59307240000001,,,,,,,,,,,﻿pupil,"﻿Pupils, 150",﻿Brothers of the Holy Cross,1867.0,Baltimore
﻿bal.md.0181,﻿school,﻿Female Parish School of St. Patrick's,English,﻿under the direction of the Sisters of the Holy Cross,,,,,﻿Baltimore,﻿Baltimore,﻿MD,,39.2903848,-76.6121893,,,,,,,,,,,﻿pupil,"﻿Pupils, 150",﻿Sisters of the Holy Cross,1867.0,Baltimore
﻿bal.md.0182,﻿school,﻿St. Bridget's Schools,English,,,,,,,,,,39.2903848,-76.6121893,,,,,,,,,,,﻿pupil,"﻿Pupils, 100",,1867.0,Baltimore
﻿bal.md.0183,﻿school,﻿St. Laurence's Schools,English,,,,,,,,,,39.2903848,-76.6121893,,,,,,,,,,,﻿pupil,"﻿Pupils, 75",,1867.0,Baltimore
﻿bal.md.0184,﻿school,﻿St. Joseph's Male Parish School,English,,﻿79 Barre street,,,,﻿Baltimore,﻿Baltimore,﻿MD,,39.283007399999995,-76.6160157,,,,,,,,,,,﻿pupil,"﻿Pupils, 150",,1867.0,Baltimore
﻿bal.md.0185,﻿school,﻿St. Joseph's Female Parish School,English,﻿under the charge of Sisters of Charity,﻿73 Barre street,,,,﻿Baltimore,﻿Baltimore,﻿MD,,39.28301,-76.61598190000001,,,,,,,,,,,﻿pupil,"﻿Pupils, 250",﻿Sisters of Charity,1867.0,Baltimore
﻿bal.md.0187,﻿school,﻿St. Michael's Male Parish School,English,,﻿Fell's Point,,,,,,,,39.28301,-76.61598190000001,,,,,,,,,,,,,,1867.0,Baltimore
﻿bal.md.0188,﻿school,﻿St. Michael's Female Parish School,English,﻿under the charge of School Sisters of Notre Dame,,,,,,,,,39.28301,-76.61598190000001,,,,,,,,,,,﻿pupil,"﻿Pupils in both schools (0187 and 0188), 1100",﻿School Sisters of Notre Dame,1867.0,Baltimore
﻿bal.md.0189,﻿school,﻿St. James' Male Parish School,English,﻿under three secular teachers,﻿Aisquith street,,,,﻿Baltimore,﻿Baltimore,﻿MD,,39.305335,-76.6022437,,,,,,,,,,,﻿pupil,"﻿Pupils, 400",,1867.0,Baltimore
﻿bal.md.0189,﻿school,﻿St. James' Male Parish School,English,﻿under three secular teachers,﻿Aisquith street,,,,﻿Baltimore,﻿Baltimore,﻿MD,,39.305335,-76.6022437,,,,,,,,,,,﻿lay-teacher,﻿3 secular teachers,,1867.0,Baltimore
﻿bal.md.0190,﻿school,﻿St. James' Female Parish School,English,﻿conducted by three School Sisters of Notre Dame,,,,,﻿Baltimore,﻿Baltimore,﻿MD,,39.562597499999995,-77.758049,,,,,,,,,,,﻿pupil,"﻿Pupils, 400",﻿School Sisters of Notre Dame,1867.0,Baltimore
﻿bal.md.0191,﻿school,﻿Schools for Girls,English,﻿under Sisters of Charity,﻿at Church of Immaculate Conception,,,,,,,,39.562597499999995,-77.758049,,,,,,,,,,,,,﻿Sisters of Charity,1867.0,Baltimore
﻿bal.md.0193,﻿school,﻿School for German Children,English,,﻿Federal Hill,,,,﻿Baltimore,﻿Baltimore,﻿MD,,39.27995870000001,-76.61267240000001,,,,,,,,,,,﻿pupil,"﻿Pupils, 170 boys, and 170 girls",,1867.0,Baltimore
﻿bal.md.0195,﻿school,﻿St. John's Female Parish School,English,﻿under charge of the Sisters of Charity,,,,,,,,,39.27995870000001,-76.61267240000001,,,,,,,,,,,﻿pupil,"﻿Pupils, 150",﻿Sisters of Charity,1867.0,Baltimore
﻿bal.md.0196,﻿school,﻿School at St. Joseph's,﻿German and English,,﻿St. Joseph's,,﻿Baltimore County,,,,﻿MD,,39.27995870000001,-76.61267240000001,,,,,,,,,,,﻿pupil,"﻿Pupils, -----",,1867.0,Baltimore
﻿bal.md.0197,﻿school,﻿School at St. Augustine's,﻿German and English,,﻿St. Augustine's,,,,﻿Elkridge Landing,﻿Elkridge,﻿MD,,39.19787879999999,-76.7625073,,,,,,,,,,,,,,1867.0,Baltimore
﻿bal.md.0198,﻿school,﻿School at SS. Peter and Paul's,﻿German,,﻿SS. Peter and Paul's,,,,﻿Cumberland,﻿Cumberland,﻿MD,,39.65241279999999,-78.7673987,,,,,,,,,,,﻿pupil,"﻿Pupils, 220",,1867.0,Baltimore
﻿bal.md.0199,﻿school,﻿St. Aloysius' Parish Schools,English,,,,,,﻿Washington,﻿Washington,﻿DC,,38.9071923,-77.03687070000001,,,,,,,,,,,﻿pupil,"﻿Pupils, 600",,1867.0,Baltimore
﻿bal.md.0200,﻿school,﻿St. Mary's Parish School,English,,,,,,﻿Washington,﻿Washington,﻿DC,,38.9071923,-77.03687070000001,,,,,,,,,,,﻿pupil,﻿110 Pupils,,1867.0,Baltimore
﻿bal.md.0200,﻿institution,﻿St. Matthew's Institution for Boys,English,,,,,,﻿Washington,﻿Washington,﻿DC,,38.9071923,-77.03687070000001,,,,,,,,,,,﻿pupil,"﻿Pupils, 150",,1867.0,Baltimore
﻿bal.md.0200,﻿school,﻿St. Matthew's Girls' School,English,,,,,,﻿Washington,﻿Washington,﻿DC,,38.9071923,-77.03687070000001,,,,,,,,,,,﻿pupil,"﻿Pupils, 110",,1867.0,Baltimore
﻿bal.md.0204,﻿school,﻿School for Boys,English,,﻿at Trinity Church,,,,﻿Georgetown,﻿Georgetown,﻿DC,,38.9071709,-77.0699719,,,,,,,,,,,﻿pupil,"﻿Pupils, 200",,1867.0,Baltimore
﻿bal.md.0219,﻿school,﻿School for Girls,English,,﻿at St. Joseph's,,,,﻿Emmittsburgh,﻿Emmittsburg,﻿MD,,39.7045417,-77.3269307,,,,,,,,,,,﻿pupil,﻿60 pupils,,1867.0,Baltimore
﻿bal.md.0220,﻿school,﻿St. Michael's Parish School,English,,,,,,﻿Frostburgh,﻿Frostburgh,﻿MD,,39.6581424,-78.92835699999999,,,,,,,,,,,﻿pupil,"﻿Pupils, 145",,1867.0,Baltimore
﻿bal.md.0221,﻿school,﻿St. Peter's Parish School,English,,,,,,﻿Westernport,﻿Westernport,﻿MD,,39.4853703,-79.0447516,,,,,,,,,,,﻿pupil,"﻿Pupils, 115",,1867.0,Baltimore
﻿bal.md.0222,﻿school,﻿Benevolent School for Girls,English,,﻿at the Visitation Convent,,,,﻿Georgetown,﻿Georgetown,﻿DC,,38.90886679999999,-77.0694074,,,,,,,,,,,﻿pupil,"﻿Pupils, 125",,1867.0,Baltimore
﻿bal.md.0223,﻿school,﻿Benevolent School for Girls,English,,﻿at the Visitation Convent,,,,﻿Frederick,﻿Frederick,﻿MD,,39.414268799999995,-77.41054090000002,,,,,,,,,,,﻿pupil,"﻿Pupils, 70",,1867.0,Baltimore
﻿bal.md.0223,﻿school,﻿School for Girls,English,﻿conducted by Sisters of Charity,﻿at St. Vincent's Asylum,,,,﻿Washington,﻿Washington,﻿DC,,39.414268799999995,-77.41054090000002,,,,,,,,,,,﻿pupil,"﻿Pupils, 300",﻿Sisters of Charity,1867.0,Baltimore
﻿bal.md.0223,﻿school,﻿School for Small Boys,English,﻿under the charge of Sisters of the Holy Cross,﻿14th and H streets,,,,﻿Washington,﻿Washington,﻿DC,,39.414268799999995,-77.41054090000002,,,,,,,,,,,﻿pupil,"﻿Pupils, 300",﻿Sisters of the Holy Cross,1867.0,Baltimore
﻿bal.md.0224,﻿school,﻿School for Colored Children,English,,﻿St. Matthew's Parish,,,,﻿Washington,﻿Washington,﻿DC,,38.9193684,-77.03473790000001,,,,,,,,,,,,,,1867.0,Baltimore
﻿bal.md.0227,﻿asylum,﻿St. Mary's Female Orphan Asylum,English,﻿under the charge of the Sisters of Charity,﻿Franklin street,,,,﻿Baltimore,﻿Baltimore,﻿MD,,39.2966559,-76.66239209999999,,,,,,﻿Sister,﻿Louise,,﻿Sister-Servant,,﻿orphan,"﻿Orphans, 110",﻿Sisters of Charity,1867.0,Baltimore
﻿bal.md.0228,﻿asylum,﻿St. Vincent's Male Orphan Asylum,English,﻿under the charge of Brothers of the Christian Schools,﻿Front street,,,,﻿Baltimore,﻿Baltimore,﻿MD,,39.293303,-76.6080118,,,,,,,,,,,﻿orphan,"﻿Orphans, 60",﻿Brothers of the Christian Schools,1867.0,Baltimore
﻿bal.md.0229,﻿school,﻿St. Mary's Industrial School for Boys,English,﻿under the charge of four Xaverian Brothers,,,,,,,﻿MD,,39.299571,-76.9406851,,,,,,,,,,,,,﻿Xaverian Brothers,1867.0,Baltimore
﻿bal.md.0230,﻿asylum,﻿Asylum for Boys,English,,﻿adjoining St. Patrick's Church,,,,﻿Baltimore,﻿Baltimore,﻿MD,,39.286863000000004,-76.59307240000001,,,,,,,,,,,﻿inmate,"﻿Number of inmates, 60",,1867.0,Baltimore
﻿bal.md.0231,﻿asylum,﻿St. Anthony's Orphan Asylum,English,﻿for German children,﻿Central Avenue,,,,﻿Baltimore,﻿Baltimore,﻿MD,,39.281184,-76.5989672,,,,,,,,,,,﻿orphan,"﻿Orphans, boys and girls, 100",,1867.0,Baltimore
﻿bal.md.0232,﻿asylum,﻿St. Vincent's Female Asylum,English,﻿under the charge of the Sisters of Charity,"﻿10th street, between F and G",,,,﻿Washington,﻿Washington,﻿DC,,38.9071923,-77.03687070000001,,,,,,﻿Sister,﻿Mary Blanche Rooney,,﻿Sister-Servant,,﻿orphan,"﻿Orphans, 115",﻿Sisters of Charity,1867.0,Baltimore
﻿bal.md.0233,﻿asylum,﻿St. Vincent's Infant Asylum,English,﻿under the charge of the Sisters of Charity,﻿corner of Division and Townsend streets,,,,﻿Baltimore,﻿Baltimore,﻿MD,,39.2903848,-76.6121893,,,,,,﻿Sister,﻿Maria,,﻿Sister-Servant,,﻿infant,"﻿Number of infants, 70",﻿Sisters of Charity,1867.0,Baltimore
﻿bal.md.0234,﻿asylum,﻿St. Joseph's Male Orphan Asylum,English,﻿under the charge of three Sisters of the Holy Cross,﻿10th and F streets,,,,﻿Washington,﻿Washington,﻿DC,,38.8973616,-77.03276579999999,,,,,,﻿Sister,﻿Mary,﻿of Circumcision,﻿Directress,,,,﻿Sisters of the Holy Cross,1867.0,Baltimore
﻿bal.md.0236,﻿hospital,﻿St. Joseph's German Hospital,English,﻿under the care of the Sisters of St. Francis,﻿No. 189 Caroline street,,,,,,,,38.8973616,-77.03276579999999,﻿bal.md.0011,﻿Attended by the Rev. Fathers of the Most Holy Redeemer from St. Michael's Church,,,,﻿Sister,﻿Clara,,﻿Superior,,,,﻿Sisters of St. Francis,1867.0,Baltimore
﻿bal.md.0236,﻿hospital,﻿St. Joseph's German Hospital,English,﻿under the care of the Sisters of St. Francis,﻿No. 189 Caroline street,,,,,,,,38.8973616,-77.03276579999999,,,,,,﻿Sister,﻿Crescentia,,,,,,﻿Sisters of St. Francis,1867.0,Baltimore
﻿bal.md.0236,﻿hospital,﻿St. Joseph's German Hospital,English,﻿under the care of the Sisters of St. Francis,﻿No. 189 Caroline street,,,,,,,,38.8973616,-77.03276579999999,,,,,,﻿Sister,﻿Scholastica,,,,,,﻿Sisters of St. Francis,1867.0,Baltimore
﻿bal.md.0236,﻿hospital,﻿St. Joseph's German Hospital,English,﻿under the care of the Sisters of St. Francis,﻿No. 189 Caroline street,,,,,,,,38.8973616,-77.03276579999999,,,,,,﻿Sister,﻿Perpetua,,,,,,﻿Sisters of St. Francis,1867.0,Baltimore
﻿bal.md.0237,﻿asylum,﻿St. Ann's Infant Asylum,English,﻿under the charge of the Sisters of Charity,﻿corner of K street and Penn. Avenue,,,,﻿Washington,﻿Washington,﻿DC,,38.902924600000006,-77.05063840000001,,,,,,﻿Sister,﻿Arsenia,,﻿Sister-Servant,,,,﻿Sisters of Charity,1867.0,Baltimore
﻿bal.md.0238,﻿infirmary,﻿Baltimore Infirmary,English,﻿connected with the Medical Department of the University of Maryland; this Institution is under care of Sisters of Charity,,,,,﻿Baltimore,﻿Baltimore,﻿MD,,39.2903848,-76.6121893,,,,,,﻿Sister,﻿Ursula,,﻿Sister-Servant,,﻿patient,"﻿Average number of patients, 150",﻿Sisters of Charity,1867.0,Baltimore
﻿bal.md.0238,﻿infirmary,﻿Mount Hope Institution,English,﻿for the insane and sick; belonging to and served by the Sisters of Charity,﻿in the north-western suburbs of Baltimore,,,,﻿Baltimore,﻿Baltimore,﻿MD,,39.2903848,-76.6121893,,,,,,,,,,,﻿patient,"﻿Average number of patients, 150",﻿Sisters of Charity,1867.0,Baltimore
﻿bal.md.0238,﻿infirmary,﻿Mount Hope Retreat,English,﻿for the insane and sick; under the care of the Sisters of Charity;,"﻿six miles from the city, on the Reisterstown Road",,,,﻿Baltimore,﻿Baltimore,﻿MD,,39.4695489,-76.82942129999999,,,,,,,,,,,﻿patient,"﻿Average number of patients, 150",﻿Sisters of Charity,1867.0,Baltimore
﻿bal.md.0239,﻿hospital,﻿St. Agnes' Hospital,English,"﻿under the care of the Sisters of Charity; the property occupied by this institution was purchased by Charles M. Dougherty, Esq., and given to the Sisters of Charity for a free hospital for the sick poor; it contains private rooms for pay patients","﻿Lanvale Road, near Northern Avenue",,,,,,,,39.4695489,-76.82942129999999,,,,,,﻿Sister,﻿Mary Ann McAleer,,﻿Sister-Servant,,﻿inmate,"﻿Number of inmates, 60",﻿Sisters of Charity,1867.0,Baltimore
﻿bal.md.0239,﻿hospital,﻿St. Agnes' Hospital,English,"﻿under the care of the Sisters of Charity; the property occupied by this institution was purchased by Charles M. Dougherty, Esq., and given to the Sisters of Charity for a free hospital for the sick poor; it contains private rooms for pay patients","﻿Lanvale Road, near Northern Avenue",,,,,,,,39.4695489,-76.82942129999999,,,,,,﻿Rev.,﻿John F. Hickey,,﻿Chaplain,,﻿inmate,"﻿Number of inmates, 60",﻿Sisters of Charity,1867.0,Baltimore
﻿bal.md.0240,﻿hospital,﻿Providence Hospital,English,﻿under charge of Sisters of Charity,,,,,﻿Washington,﻿Washington,﻿DC,,38.944098499999996,-76.9914877,,,,,,﻿Sister,﻿Loretto,,﻿Sister-Servant,,,,﻿Sisters of Charity,1867.0,Baltimore
﻿bal.md.0241,﻿house,﻿House of the Good Shepherd,English,"﻿This Institution is conducted by the Sisters of the Good Shepherd. It is intended to afford an asylum to women who desire to abandon a vicious life, and reform. It depends for its support on the kindness of the charitable and the labor of the inmates.","﻿25 S. Mount st., corner of Hollins street",,,,,,,,38.944098499999996,-76.9914877,,,,,,﻿Mother,﻿Mary,﻿of St. Joseph,﻿Superior,,,,﻿Sisters of the Good Shepherd,1867.0,Baltimore
